"student","MAP"
28163,1.83513365050205
28334,1.44203789202371
22558,0.0166178130905119
24285,1.2412246837647
24356,0.601127113471539
53364,-0.143045362961595
53076,1.16456246244177
24229,1.83513365050205
22560,-0.113408162732209
24169,0.359505850846423
53652,-0.505739565492173
24064,-1.48334176577927
22602,-0.498834542131851
37679,-0.08877436011656
24227,-1.83137309460134
24413,0.432732502518529
53091,-0.739534273658508
53072,0.711991771873117
11804,0.0858293786772253
56829,0.479290736283305
11720,-0.537035724159364
11858,0.9462326623187
11896,0.482883625423197
56977,-0.18170028518288
11716,-0.232845470171779
11898,0.802347294824759
24354,1.54056073497557
28173,1.83513365050205
24358,0.48764779566133
55925,0.427807544051555
24359,1.10914253345121
28289,0.994963852293821
24228,1.40059269551454
24463,0.781009415708545
28287,1.00651343206929
28113,1.15027308188395
24295,-0.806949958281996
37492,-0.58078570803415
24355,-1.24478796413571
37375,-1.39520599797081
24357,0.950795751705737
24462,0.115463493019422
24171,0.802932072149863
55359,-0.00146919503584429
37603,0.47296558213658
24461,-0.125677332401394
37602,-0.371048469045325
37493,-0.752643994190066
37808,-0.102405341793882
22559,-0.544483969840688
45005,0.56402541449168
22470,0.0473159395051439
37699,0.486991008598556
38028,-1.30472705282346
37376,0.409911541257296
22525,0.200464669776751
22561,-0.786230641495081
22468,-0.267127706480609
40962,0.0512233310973034
16598,-1.89343412390024
40329,-0.884545342802642
40747,-0.622248576433027
26905,-0.515576092689836
40729,-0.317079287312747
37267,-0.426689982352688
40248,0.552677414175636
41070,-1.14683941152712
28146,1.47210875898817
40986,1.83513365050205
36786,0.290675509354637
22578,-1.00852690795344
40487,0.0407037902428414
54264,-1.12963068233187
36536,-0.1278943846706
36802,0.38972279584038
28360,1.28585328258722
28203,1.10765057353474
28196,0.252230160256255
28111,1.36048546698215
28175,-0.992973988551124
6302,0.171295507012993
6301,0.682325036726075
6234,0.479664708237186
6213,0.47954078898385
6280,0.595612849041567
40356,-0.479675184417618
28242,1.0777013679154
28286,1.83513365050205
9878,-1.58202659623466
9645,0.636038456013622
9960,-0.0454811464810852
10031,-0.251816897399441
9961,0.178148069970311
56533,0.797425624963433
9973,1.3175536453258
18589,-0.332767314549191
10047,0.889485258220262
9877,0.430745364707829
25823,0.322896152474802
9816,0.820032268609188
9571,0.948678254181313
9656,0.722747991742691
10127,-1.17065124711884
9580,-0.223074266575179
9889,-0.190856342756502
9905,-0.0739339755218347
56537,0.676699022916178
10060,-0.573953015225424
37698,0.284220368485754
9891,0.322047332986138
9920,0.311672256775997
9768,1.28734322047934
10138,1.02059288881163
53519,-0.781590937376971
10143,0.840856450067797
9673,0.233864112367429
9675,0.640317090512171
9909,0.0367914226793562
9906,-0.294150839028352
9672,-0.431975179547974
9807,0.142413430260708
9683,0.520529883211679
37605,-1.34633691694278
22467,-0.924940396731023
36644,-0.0818710702993809
36452,-0.217765964714081
37598,-0.581306057828092
36803,0.0609622593375741
37703,-0.4486365098555
37701,1.2412246837647
37268,0.822828637639049
37607,0.280855079608584
55273,-0.482925525051049
37695,-0.575684487737705
37488,-0.921450867790091
37810,-1.15699546210338
38027,-0.936385228601269
37601,-0.296444911729611
37370,1.03981465598483
36408,0.15594844535277
36605,-0.820060443955109
36407,-0.634174812398816
36726,0.356497587688084
54262,-0.538375670504655
36538,-1.33594295091305
36537,1.42165106150985
36604,-0.280614756440089
38020,-0.832881738401862
55259,-0.7091017676839
37596,0.0583593039488307
37599,-0.477893340441168
37920,0.228262376732456
37490,-0.467693687328687
37597,0.133604779473369
38029,0.457677826784416
37812,0.790009566239519
37594,-0.0368674350862513
37486,0.0341924123106245
55365,-0.578089101534017
37263,0.126761628939343
37692,1.14291517776377
37265,-0.753807891517193
37262,-0.93878158425292
55460,-0.600158374081217
37805,-1.25060052132582
37688,-0.732437633935138
37899,-0.4249207504958
37804,-0.660356536983022
37926,0.550269213180708
28395,0.662089671698307
37929,-0.203715587428159
37270,-1.00823307495043
37606,0.368850930040359
37814,-0.00271448455735931
38025,-0.908921250142867
37372,-0.284922443019712
37691,0.644701962444294
37922,0.551095990112153
37696,-0.321716166424333
37921,0.116048524438918
38030,0.820337546963521
37600,-0.359649266822292
55490,0.386395512640752
6232,1.09485034907719
37565,-1.05100761624229
55467,0.645882398712215
37690,-0.172667317967618
38008,-0.100311717934845
6174,0.901779956094232
6211,0.7281421402468
6251,-0.899817603823888
37348,0.0761516094786841
22523,-0.348305893992544
37258,0.476003322536995
38004,-1.17671478523376
37803,-0.372658425431048
38002,0.438224304655069
37665,0.978773032337131
37664,-0.351881831325159
37452,0.370368855052504
37782,0.611055238003951
30617,-0.650709905925242
30696,-1.02081815025874
30618,-0.582807831812176
43547,0.365733390381649
44284,-1.54406568180847
30738,0.129694694731655
33715,1.12232622849071
53490,-0.380366282725405
30737,-1.4135514947837
30740,-0.470831402744815
34176,-1.00382720387279
34123,1.12705564959278
30665,0.267102658971924
34122,0.0038656360146695
30597,-0.666434361169895
29012,0.0875919523337757
44256,-0.785136811611486
33730,0.88947333317681
53481,0.0423358638530532
30569,-1.04875919580989
34121,0.551879049958256
30567,-0.885511195474496
34041,0.721928895190325
30716,-0.830678883954529
33841,-1.27299247436093
31836,0.266310944592744
31993,0.63167790313048
31895,0.757255626613208
31990,-0.337645305798772
32102,-0.452160940761353
31858,0.33708347892752
31855,0.259377107122069
31755,1.44203789202371
32019,0.332022113840524
30694,-1.58133921708467
32021,-0.341347657458045
55009,0.560912797171498
31752,1.3175536453258
31799,0.688514886410003
31938,-1.5839020886062
31891,-0.0781324994405221
9760,1.00291448929989
31899,1.11318597338566
54963,0.0842453183374945
56706,1.54056073497557
29834,0.953628049096205
29522,-0.209423833169771
29707,1.83513365050205
29912,1.53502442409402
30019,1.42852414980678
29635,0.872390674251785
30015,0.734295199102004
29521,1.83513365050205
29585,1.50317309307795
29575,0.748665489980188
29838,1.55652798893701
29901,1.83513365050205
30018,1.00651343206929
33867,1.17848825832468
34042,1.27526237637913
33807,0.418084241562316
7325,-0.233496839596407
31988,0.120564615085434
32067,0.85466279828582
31940,0.399465287899476
31861,1.17852700859143
31935,0.880158085984707
31839,1.0097689480076
31801,-1.38960711822276
37105,-1.77875945422586
37134,-0.0070627514630113
36922,0.157124950935428
37040,-0.521929973382969
37078,0.0579444132100223
10981,-1.11658783950303
22402,-0.147405994673005
22356,-0.0313347734521092
43656,0.470771406726426
13585,-0.593830182221254
37147,-1.55660051810694
13389,0.759058407477843
37043,-1.12452908570341
36920,-1.00981968828299
37038,0.796752846057291
20410,0.443363998076403
54430,-0.719196685600398
37073,-1.29704289684204
36994,0.515649737464373
20378,-1.07983483570015
29836,0.223102047001366
37033,-0.552947253757083
37039,-0.881486475265356
13743,-1.95076569126326
36923,0.251910429570966
37077,-0.749437666184029
36995,0.118837922164351
36885,0.041423212784589
37106,-0.473113993727819
37041,-0.668976605444085
36996,-0.345471324406199
37075,-0.520782852187871
13379,0.177699183308773
13537,1.53502442409402
13744,0.268593244976212
13424,-1.04846704915789
13466,1.2412246837647
13732,0.303277770166745
13531,1.30560970523923
37148,-0.761796429848899
37079,-0.246012867425019
37042,-0.389905751808762
36957,0.156490151875071
54852,-0.0496579845319746
37108,-0.680389408920921
22373,-0.131402845552291
36960,-0.351025895440046
40619,0.259702376477577
13538,0.194357173566982
13423,-0.661202473651694
13676,0.527598451254647
39056,-0.280080848984782
54842,0.152943061274413
13483,1.03669014363236
16594,-0.949477192444012
36886,-0.523126937750276
7121,-0.491686079857589
7363,0.60321978752069
31898,0.408530998600292
56910,-0.492660397420548
33806,0.574580013996035
31750,0.880799617510334
56906,0.129529199786391
32034,-0.274762236626805
42142,0.331018984490403
31974,1.53240113113502
31783,0.781104378834356
54972,0.544025260620579
7122,0.569794459287666
27639,1.37284242589246
56342,0.734201459210023
7578,1.83513365050205
6403,-0.0260468466146611
6418,-0.050824720089451
55646,-0.190856342756502
31900,0.0681927571675503
31932,-0.289995737181217
7252,-0.348768928707246
7500,-0.363177463095193
14611,-1.06590370526974
7324,1.37284242589246
7256,1.83513365050205
6417,1.02283376029596
31023,0.382362981046414
6344,-0.336859298018359
57324,0.410686947383435
6363,0.250169692218192
55063,0.332933219336684
7637,-0.833776037127976
55123,-1.40489765125446
7657,0.85416700837303
31284,1.55652798893701
7327,1.13009124729802
41413,-0.573808713125744
56299,0.075296647814553
56907,-0.247309677317786
23875,0.30735914955005
55633,1.06177218169396
6375,-0.0260468466146611
20442,-0.342213560691991
30641,-0.754331333965106
37037,-1.07453549902566
36883,0.595295185764093
56186,-0.330898460083127
37035,-0.291699099439929
20595,-0.0128830104530016
10892,-0.571845103551346
20470,-0.280097750753688
16455,1.15027308188395
37076,0.512119375305329
57224,0.750271456115925
30566,-0.0156548028224626
13000,-0.0251662608101101
18454,-0.289718293967841
11423,-0.146542669579059
30698,-0.872216903608557
12942,0.821744978984991
9598,0.220231336266379
52852,0.422369065170484
5325,-0.799261617690164
12970,0.821744978984991
41717,0.808897346810892
30594,0.230345906769675
37146,1.15189675359831
18550,-0.801429880419243
41414,-0.375538070359046
53470,0.108099661437401
5936,-0.358793631837269
10984,-0.0627109147278041
30699,-0.770661827689647
13361,0.498644166667319
36936,-0.999290150000949
20594,-1.08245753305301
10983,-0.726341231318404
30643,-0.492604585918009
36884,0.0270709421947992
54435,-1.17694341499675
19362,0.65562573510523
11244,0.72535040846517
18526,1.39159144662296
18401,1.44203789202371
18452,-0.323653179247397
54582,1.2412246837647
13084,1.83513365050205
13083,-0.0251662608101101
13085,1.21852870362471
7123,-0.243913928867907
469,0.579447674270984
7580,0.383614038127034
54350,0.224259213295926
56348,0.404102222121216
56354,0.236684350326597
57924,-0.380047420904448
20441,-0.597518547166501
11151,0.960973548863394
11063,0.536449059586473
18491,-0.907727335774229
587,0.385824775356152
11422,0.987874755897376
588,0.0543295895249812
12969,1.33759941668894
18403,0.724956502348839
11493,0.543152170514768
443,0.0910341382685067
12943,-0.117328902399232
20521,-0.349981635443831
54627,-0.61704708671895
10980,0.536449059586473
609,-0.200683461271841
4040,1.83513365050205
57225,0.070185155076702
532,0.811830577711357
20564,-0.46814862334344
18400,-0.780442230854981
11421,0.289998766773484
18586,0.395561267075077
39615,0.298085776903442
18371,1.83513365050205
7415,0.210969654034088
34027,0.712947266170416
34021,-0.517002470367578
40239,-0.374209611998712
3603,-0.16170462709758
36445,1.28811816839659
40363,0.00979591094603331
33842,0.943622687132718
34175,0.150405566063461
57541,1.36087368919481
33902,-1.8412820254606
33904,0.391772831086509
34026,-0.0306426453303971
55332,0.368337884675129
33772,-2.05484984913082
56766,-0.54590697370313
10237,-0.294830508628804
3144,0.0786141814944262
27636,0.0698094782705655
40860,1.2295391491263
33805,-1.35866964674661
40237,-0.308849230206529
34174,-0.770610115027091
40736,0.760632193386939
40737,-1.06546091183844
22207,-0.0289160843531338
33775,-0.299543872840082
42199,0.250910206784348
40364,-0.892393602546308
42292,0.16432517545117
7355,-0.366763400473018
42293,-0.384745580606608
9462,-0.188019441835603
10064,0.877097484463005
20376,-0.272738484248069
20593,0.591293542252642
20406,1.44203789202371
53559,1.2412246837647
20465,-0.0705452232027916
20379,-1.07983483570015
9911,0.113389068542468
10061,0.639520417954216
9913,-0.205245489218028
9761,0.602688126608152
9910,0.178500829721254
9584,-0.349058403984555
25574,0.175850780841136
9583,1.00795076433378
56540,0.600881850558053
56539,0.343799374637831
3922,-1.03101118288359
43283,-0.649768228634403
40205,-0.953885012639054
40387,-0.137247666099244
36442,1.0362198767815
39136,-0.948075850894914
36677,-0.907011364812623
40990,-0.889516827459026
9676,0.416623335362814
33845,0.241379425982692
33776,0.422389331522806
40857,0.202568132261409
33713,0.5876926308513
40618,-1.20827334974878
40992,-2.17538612282313
40621,-0.337636639046815
40358,-0.212937188594287
32033,1.83513365050205
40856,-0.0640230811843685
40745,-1.51645990110323
33919,0.458763853061757
40859,0.0853605561685937
53721,-0.0783816199268117
40236,-0.512707792302756
13485,1.83513365050205
13745,0.245673478158306
13665,-0.539717286627983
13742,-0.412253746531834
33771,0.32004194421201
1993,-0.0180748186994386
33846,0.472096182936232
40233,-0.153154675528252
30159,1.54056073497557
40359,-0.0137561735262097
40855,1.83513365050205
39178,0.133199721727198
54924,0.139533596518477
40733,-0.792485456915493
33716,1.00462477308316
33847,1.08685694245014
40366,0.304509270030766
34094,0.602688126608152
40854,-1.05208664198681
55537,0.449352343542123
34022,1.06604940407989
55570,-0.772704371635505
30087,0.85416700837303
29769,0.997873556693593
29572,1.83513365050205
28135,-0.522922161584528
29902,0.177132064452289
29574,1.83513365050205
57134,1.83513365050205
29835,-0.348895794996525
3608,1.53910617709147
29754,1.83513365050205
29755,1.83513365050205
29573,1.83513365050205
29649,0.948408999023305
56884,-1.63123954831925
10059,0.956803575097041
10062,1.19225836347323
23629,0.622205807968203
10068,-0.301068980191167
53543,0.951431555800528
891,-0.670481578800291
9590,1.53502442409402
9766,0.386926339846319
9685,0.040954770928997
9686,1.83513365050205
10146,0.512740741344561
9597,0.817842830919645
9839,0.119824544656327
9596,0.72981830309297
10073,-0.567546882531204
10072,0.375652905628506
9843,1.05397791170796
10149,0.414242497739499
9986,-0.018812221550648
9841,0.766779278469434
10147,0.364528043322386
10148,0.0914902879665221
9993,-0.925651008239435
25706,-0.048192230688953
25478,0.80803171594773
52894,-0.200848995605957
52889,0.0850745717092454
25654,-0.739642093711836
57227,0.079385647411229
57226,0.782896316220904
11123,0.877097484463005
9883,0.253533767300865
25520,0.660903186688923
57228,1.47210875898817
25477,-0.356858569096759
14877,-0.150724097126735
25499,-0.0127140391950121
39499,-1.45670229557846
53710,0.103794036234313
11112,0.0660452418230818
11552,-0.470140796094506
25556,0.971019778842875
10955,0.950301225786819
52884,0.712433711632702
25461,0.85416700837303
10956,0.463130150768546
11557,0.870238210832031
11393,0.170546549528308
25497,0.221990829092986
52839,1.21677815845261
25459,0.468437471985712
25439,-1.63123954831925
25573,-1.23156377043461
25705,0.935006296009465
25498,0.0872830058501809
10982,0.526265752500245
25615,-0.374332039940676
25678,-0.536963783567864
25441,0.379517156558461
25547,-1.52169419956571
25577,-0.139963229127327
25475,-0.386813021114567
25521,0.76606750894704
25625,-1.02434198430702
25476,0.197834888042794
25480,0.0796565410477158
57231,0.527619556632238
25560,0.66112382800786
25557,0.275695810952867
25575,-0.352610646796008
11392,0.397558367530109
25440,1.06447027833275
25677,1.2412246837647
25642,0.789145130179725
25656,-0.588010725022476
25616,-1.24937444866949
25559,-0.113826505473151
27594,1.2412246837647
27898,0.815638295330784
9835,0.570045747490945
9722,0.334239007559875
9805,-0.193180510500884
9648,-0.0977728694583804
9880,1.13172999558565
9987,0.190718078021102
9728,-0.148245248463699
9553,-0.313061102898014
55121,0.564811328271517
27886,0.963005236286927
27710,0.825656881164711
55085,0.667072576585346
25576,0.109033845213815
27748,1.2529845362852
28005,-1.1484392040736
9727,0.364398434924099
10145,0.0287340385378029
9569,1.2412246837647
9556,0.179121704411645
9554,0.570045747490945
9806,-0.258549556063198
9555,0.683137926168256
9962,-1.03024878086174
10114,-0.101528439870798
27754,0.139507502848419
55065,-0.00544528327201339
14609,0.375528295656538
55071,-0.87722938436963
28008,-0.254020685233978
27633,0.273409936870796
10113,0.640444267148897
9658,0.257086875743694
5946,-1.13196116936131
10035,-0.0910499511693587
5903,-1.13494844982899
10036,-0.0619540093932766
5890,-0.406123365036121
10037,0.698526442511957
5902,-1.14162194635113
5928,-1.69305250369905
9657,0.156284454348102
9885,-0.0957620473256128
56532,0.197834888042794
9563,-0.0378181861464756
9734,-0.126509196466271
10041,0.61166899377322
9886,0.13477953944872
9562,0.0993421938290421
5893,-0.0695627977059033
9965,-0.478732603355536
10119,0.582902729429429
9585,0.366784002806703
5880,0.2897299929793
9813,-0.251960807287149
5899,-1.30741314537184
5891,-0.184592434778101
55851,0.28272036539408
5949,-0.133831486543207
5892,-0.432611405079399
9964,0.191227406315793
9570,0.233415090663301
7209,0.929748824960517
7577,-0.837665160022193
7576,-0.771484774445904
7655,0.319987423102538
36643,0.166832151473609
7266,-0.0911067161152768
7356,-0.00935004952102095
7579,0.279321723357397
7357,-0.15894024841775
7326,-1.11621274220749
7361,-0.155555808312928
27635,-0.213033984786277
56258,-1.02888030252291
7585,-0.0365750064580159
7586,-1.61188546832801
7424,-0.483476993216205
56288,-0.836816869947988
7584,1.53502442409402
41542,-0.479251274399307
7208,0.596504756040224
41517,1.42165106150985
7423,0.860638420188882
7127,1.47210875898817
7659,1.83513365050205
41558,0.34887935162861
56902,-0.969299301227355
41426,-0.545315480151661
7426,0.686508450160296
7661,1.202851228104
7660,1.33759941668894
7213,0.757690586763402
7503,1.83513365050205
7207,-0.954711356267949
56241,1.83513365050205
7419,-1.49132760493909
7499,1.44203789202371
12250,-0.577314676791932
12431,0.871513392272881
53491,0.709310564876753
12493,-1.58345681995647
11300,0.0663184721105576
12254,-0.377526091365978
12532,-0.571612509637859
10044,0.258314291624246
12101,-0.821551566730336
41592,-0.786924785167004
41600,-1.42258451817717
12308,-0.259731834515641
54207,0.643128253598957
14651,0.85416700837303
56683,-0.4502296793348
41454,-0.325346102889377
7708,0.0388577780160901
41377,-1.55394722107746
7328,-0.325361259796901
24349,-1.30188585608533
56655,-1.68770149917704
41593,-1.14288011753636
41376,0.443761492967306
31901,-0.940682744434412
11298,1.246978488637
25572,-0.8980848440652
11211,0.316702896647095
11471,0.148871377090048
2453,-0.514928368833224
11114,-0.590904687385467
11614,-1.41533473388505
56423,1.44203789202371
11469,0.133217862277382
56432,0.182194721521745
11115,-0.204563381857061
11208,0.752725721610161
25704,-0.136170826320821
41452,-1.37873440543591
41455,0.0896974924526256
41543,-0.337772447498837
41374,-1.77850076091837
41640,0.816212344065965
41424,0.281815740717725
41591,-1.26767537281871
11209,-0.491732188230955
11470,0.0893942610190637
11040,-0.295218700599989
56383,0.856524617051869
11299,-0.39790711995498
11116,0.0362913791440117
11386,-0.0126116714269249
11467,-0.730997294492504
11113,-0.182457187719112
11468,1.18305315139248
41385,-0.476368943886699
41373,-1.55783329144706
18552,1.2529845362852
54613,0.937016477724195
7125,1.83513365050205
39741,0.586005963370653
13677,0.132864712332011
13641,-0.0741448385178945
53403,0.0670755790140419
29460,1.19716345462905
29378,-0.137632928244732
55818,-1.66046749701213
29463,-0.452355185925633
54472,-1.54612971549259
29464,0.235221238827388
12674,-0.22291706679842
29417,0.690277001383272
12445,-0.194273372105525
58029,-1.2022945824186
44742,0.0626866414694949
44778,-0.110409377271886
53705,-1.44539120891125
44762,-0.188731653907206
7505,0.586005963370653
13464,0.101819511957824
12676,-1.3451861207651
7360,0.587151180848067
7204,0.149099763724746
30089,0.593975769565334
39855,-1.10234930201534
12675,-0.0570078164091619
34625,0.538672795386292
53380,-1.20027084765269
12268,1.54056073497557
34024,0.305160129218015
12597,-1.82367682993016
12158,-0.868362082433074
29415,0.714566669355482
19681,0.53667947683765
44637,-0.504418890720483
12244,-0.317185030621537
44684,-1.09986109105946
30131,-0.381880881193952
44703,-0.0112514790277103
12447,0.384530068720668
44779,0.944524558546272
44781,-0.17885964599009
44706,-0.280069421605397
44705,-1.37094273508436
32783,1.10793318326481
7658,-0.538737158500642
7427,0.915876626475756
7583,-0.0323034459183103
7497,-0.899731503092356
7662,1.83513365050205
33488,0.750271456115925
55260,-0.352061949199623
7502,1.31934107223418
11967,-0.08515013191164
41641,-0.0632072976830044
41456,-0.530943655326037
12556,1.33759941668894
7210,0.31374571223081
7498,0.421641579345649
7267,0.683137926168256
7362,0.345331449156203
7501,1.13365471025413
7120,0.527471556353044
7420,0.937016477724195
54398,0.394154354389791
7269,0.0401652891789712
54783,1.83513365050205
20197,0.704280192534222
13034,0.556203611888248
20196,0.0668349250870173
40463,-1.33179925423144
55318,-0.598656204882697
40731,0.695649765418547
40367,0.364991792156416
15622,-1.58549085255789
40128,-0.940736035021142
1082,-1.11915915277044
40625,0.402758556665395
32031,0.752936500495591
24288,0.626937139116252
40243,0.457833064995895
40995,-1.82213165915001
38103,-0.0100120976990407
24352,-0.643202150750937
32078,1.00795076433378
40483,0.571778206671328
34764,1.47210875898817
24110,1.44203789202371
38105,0.236112944021709
37901,0.644664592844327
24112,1.83513365050205
24414,0.0567894675201245
28159,1.37284242589246
53996,-1.43818625064893
8534,1.16876970161759
11673,-0.394676339252087
56839,0.362143836516719
28112,1.83513365050205
22501,-0.484911176248761
22580,-0.681476187269856
24167,0.0655500731919511
40626,0.555735348626638
40611,1.2295391491263
37689,-0.247913893908768
37923,0.804434214386195
11210,-0.310186197806834
22581,0.250561139951602
37924,-0.664956570012459
37604,-0.393454172216765
28211,1.30560970523923
9644,-0.154589165023884
22604,-0.354204060543423
9842,-1.14767727252945
56536,0.336023106452636
22562,-0.728830722169306
9966,-1.07121222869572
10136,0.458513130538113
38026,-0.307523146557419
36470,-0.305082679008031
36662,1.65727946329076
37491,-0.541070822025793
26479,0.598395472551513
55350,0.978773032337131
37489,-1.07844984188592
37694,-1.08709021877678
37259,-0.188944490407223
37377,0.05989839203701
37693,-0.0571978041609871
37373,-0.30185558289946
37702,-0.226214717952578
37563,0.143201218692444
37806,-0.824039270531999
6233,0.48712952145474
37887,0.588901358715673
40983,-0.535813909690618
40119,-0.708159531056067
55303,-0.434494637313163
40981,0.402109609329255
40853,-0.562676206403731
40588,-0.49502384666311
40328,1.05397791170796
40864,-0.197444420478693
56777,0.22651623898259
40727,-0.647016555323994
55312,-0.970011789981843
40612,-0.418223079946602
40482,0.800534960759057
42986,0.836240601638908
40852,0.956634986374287
40365,-0.111632705275176
40224,0.449976805052937
40997,-0.200511072714685
40485,-1.25630119284274
40622,-0.867200649371636
40850,0.243151311518655
40705,-0.786492650620475
56793,0.0332915014138552
13060,0.251670947308169
40354,0.747160478117906
40130,0.85416700837303
40851,-1.36223774391782
41069,0.949829308823188
40134,-0.622655366375221
40118,0.161061449951111
16443,0.20065838901621
40862,1.1173367565682
40740,-1.237615628003
40624,1.83513365050205
40368,1.2295391491263
31939,0.137138783121238
31897,-0.455184282143022
31892,0.224848141617365
40350,-1.18061655993724
40116,1.00459476929352
40228,-1.85418384871422
40480,0.495063300538244
40247,0.281055793164535
31986,-0.233622266772483
40742,0.798489030559549
40848,1.3055666435962
31798,0.236350735950316
40220,0.802845944722582
40994,0.818668523387299
40979,1.54056073497557
31751,-0.115479799289269
31973,0.627702405548689
32018,-0.289230106281536
40873,-1.3986380916944
40609,0.456497058011491
40352,0.573091635025968
40115,-0.822096998463106
40978,1.47210875898817
56796,0.139584093871231
40988,0.806441289867181
40610,-1.45398917323191
10033,-0.861603843363576
24419,0.238794241257125
24467,-0.869419202388784
53504,-0.50643107202551
24408,1.65727946329076
24363,1.5213223668003
53144,1.11318597338566
24299,-0.680248147556132
10034,0.237431760883567
24300,0.670150692958031
9551,-1.06518541846875
40741,-0.0103908420716893
24302,1.05526237676625
24234,-0.04313572587189
38945,0.0271287397440835
10137,-0.530109530221402
10109,-0.257975547372199
31856,0.387471837371397
37678,0.563831897225747
37463,0.376796040290275
43546,0.644371351829455
55364,-0.617211194445908
24289,1.30560970523923
24236,1.30198018331082
37464,0.151578577912278
37465,1.36531092261898
30565,-1.56951014928609
24454,1.1173367565682
24223,-0.81520241139156
24407,-0.722754104871319
24106,-0.987284795363227
24508,0.806170877317384
28398,-0.125843923695665
24105,1.83513365050205
31754,0.865929258588597
31992,0.224064269120459
40357,0.0324787816879469
55000,-0.329474986502865
31894,0.971143346507449
31784,0.602005922710092
31838,-1.55877430264268
37783,-0.96076583888176
24412,-0.0240513281201896
24232,-0.829260900045703
37260,-0.30228673850787
24172,0.705018053846745
38003,-0.242301276727066
24230,0.436987663146577
24361,0.971019778842875
24360,0.73035013137647
24415,0.506789108713393
31941,0.947198506860556
24362,0.472096182936232
32066,0.169996043721744
54948,0.0368530824997952
31800,0.51609487811845
31859,-0.525239887931071
32030,-0.49703151175731
40221,0.84882896547461
40227,0.517682186108746
40849,0.644654020034481
40231,0.712433711632702
12912,-0.0251662608101101
37900,0.0366977115700966
13036,1.83513365050205
28174,1.83513365050205
40730,0.544442338705329
28096,1.83513365050205
40117,-0.159030106426184
13169,0.821744978984991
54807,0.821744978984991
13056,0.904605438739328
53927,1.5213223668003
28399,0.924900228664055
24466,0.0558721253148511
28273,1.13466542251171
24065,0.764904085392497
34765,1.30560970523923
24298,0.895748749610709
24297,-0.209630461478427
24114,0.323173539921844
42728,0.883593324035121
53100,1.83513365050205
40984,0.225365418009194
37466,-1.11108212761002
24296,0.718517077186382
40980,0.790406361201983
37902,0.256955444211038
37578,0.197826259273538
40355,0.931992853676357
40486,1.0356522929813
40121,-1.27397526481724
40623,0.655418938507849
31937,0.835562064599161
40744,1.15027308188395
12999,1.37757112252152
31933,0.937016477724195
40122,1.34403656785493
40226,0.177887013254822
12911,1.83513365050205
13062,1.36531092261898
6326,0.182508328030679
13058,1.83513365050205
16630,1.17939324617497
24353,0.284454500169885
23876,1.83513365050205
13057,1.83513365050205
24113,-0.231813987499396
24067,-0.614477946755443
13035,1.30560970523923
53110,-0.779530639488364
40127,-0.413206004214044
40982,-1.08714300268264
32020,-0.262692129584332
56791,0.495841367569813
31994,1.12705564959278
31991,0.971143346507449
28172,1.07795567028825
28336,1.42165106150985
28288,0.911508678381044
28197,1.5213223668003
28162,1.83513365050205
11718,0.294347435513865
44904,-0.410320974895338
28097,1.83513365050205
11674,0.115841511247641
11806,0.63631410899052
11717,-0.235961468067893
11630,-0.188311375488743
28134,1.44203789202371
28274,1.83513365050205
53911,1.23344143058028
28356,0.540035517884773
28158,1.47210875898817
28353,1.47210875898817
40223,1.19756687941598
20311,0.815638295330784
24506,0.0179568529132092
36657,0.00589680113549923
36784,0.260718031902763
36511,0.880969748579226
19262,-0.107045862426999
30250,1.05479073898542
40495,1.83513365050205
30196,0.648112366549245
5399,-1.2230533954538
30161,0.386926339846319
30254,0.0165311324271549
5400,-0.0690879744587954
30026,0.00492696787406754
30060,1.14769180251569
42333,-0.262373151219979
42316,0.602244236110233
42307,-1.48304004982747
9682,0.630598800744784
5395,-1.49330724899848
55034,-0.0630727586762926
5520,-0.0905287908711674
42188,-1.81957659713745
54690,-0.214341920183116
42254,-1.47787304362161
54691,-0.766129691008441
42305,1.14841143220414
37925,-0.14863052139289
53335,-0.951751218970329
42162,0.341782048560626
42279,-0.711854984506579
42161,-0.61484811183103
42144,0.195273412728251
42332,-0.762962721669867
42212,-0.208669677439985
42244,0.0974288975265684
42214,-0.108689474758214
42335,-0.279113015608132
42334,-0.315718774627359
42291,-0.081863458012643
42317,-1.52176564122053
42261,-1.28079498615291
42238,0.0530619236359141
42160,0.0852862177224529
42141,-0.0941645057746689
30027,0.203266550946522
42172,-0.153888065392924
42173,-0.676475384159045
5402,-0.680428893771603
5721,-1.50183471124466
5661,-1.09033931736668
23577,-1.06369608660633
54699,0.113372518185099
5479,-1.04854310925055
5810,-0.516884381604924
42253,-0.136999650413673
5417,-0.422098225400328
42318,0.614331319339982
54703,-0.467102685654344
42143,-0.270049124404808
36675,0.420835241613525
42259,-0.54900219828179
42260,-0.32411095350787
56985,0.369103110187233
42642,-0.672559625220427
54707,-0.371338765575045
54704,-0.136138869731435
16333,-1.15864235318326
54709,-0.352610646796008
5704,-0.439906347736053
5474,-0.472421407084712
17828,-0.88676257494389
41774,-1.44527010803583
5475,-0.394981376251823
5457,-1.20676364547294
42003,-0.815018265478114
41951,-0.658726574546453
5415,0.622395277555487
5812,0.983760769878289
5418,-1.00582585876302
36441,1.30198018331082
40242,-0.440255540903622
40732,0.556303656804768
55294,0.556498681152868
40985,1.83513365050205
40613,0.977784550994459
40590,-1.16351315004927
40240,-1.86722647375844
40246,-0.754642325098872
40133,-0.594917356723729
36721,0.794183362761321
40977,-0.653172952886857
40587,0.754073202479872
5403,-0.017923777124772
5640,-0.599772434423327
5792,-1.41465904853084
5572,0.154499996220439
10112,-1.27421588293793
5326,-0.652021549769512
54682,-0.59151541039799
5794,-1.08852226627567
5705,-0.380594165783859
5638,-0.862845181449116
24966,-0.0974628387159536
5639,-0.0454811464810852
54685,0.0480635276077585
10753,0.452538487416724
10804,0.452538487416724
10424,1.43856633167039
10425,-0.166924507408328
10806,0.291091594226649
1144,-0.783681881564258
36788,-0.694935033817883
36456,-0.405363992881212
36499,-0.161899326600032
36380,0.0630723974867196
36455,-0.217013034841101
36851,-0.531498596682182
1146,-1.39354711748757
53192,-0.379658458150942
4107,-0.385385562656352
44167,-0.387527012936299
43750,-0.36551664533291
4133,0.160502350083623
43753,-0.868825267436195
32786,0.443576155156479
32661,0.973458002156322
33056,-0.378010324809796
11921,-0.804137358122254
32994,0.407582544724692
56993,0.913290896790872
11857,0.660903186688923
17581,1.42852414980678
53811,0.778975772684029
18587,0.990081546587971
44262,-1.46162451428396
43751,-0.625274624103429
43752,-0.561410138478513
32791,-1.31237291978815
32785,0.556498681152868
32663,-0.429642274502983
28074,1.44203789202371
32784,-1.26433766727966
32919,-0.217613901476848
33052,0.944524558546272
32993,0.288789158273705
32924,0.381084877318786
32716,0.887785775586025
57346,-0.352750357292166
43850,0.830994784181136
44166,0.657121815544886
44165,-0.0857112153535552
43949,-1.51909934247829
57357,-1.00518190643226
43944,0.642240932874702
53385,1.07058418175298
1107,0.950301225786819
2563,-0.369644231182385
57016,-0.361531175694183
1397,-1.24312868014669
39626,-0.574255386971813
10873,1.04084204005874
39284,-0.661771036566836
2192,0.526778101810426
41943,-0.651373748168812
2191,-0.119602893759521
2314,0.300921721160302
57235,-0.441967932980035
2317,0.740988292271147
2130,-0.780340349095003
53677,-0.179277342093779
10845,-0.987145382939431
24730,-0.889791558726164
9375,-0.0270535064714619
8934,-0.0745899067902121
9082,-0.0579984522195202
15477,-0.512567038174655
9467,0.0650317041817526
9083,0.400859481076132
9084,-0.335940994363016
9213,-1.34138827534611
9012,-0.0159304487226329
9379,-0.170618156682087
20408,-0.770526244658352
43081,1.83513365050205
9376,-1.50826897229526
9214,0.0155230096283932
22603,-0.54172784760663
9465,0.352993808090291
9295,1.00403446307335
9377,-0.533108186289671
55058,-0.754245808341577
9460,0.0419180543016834
45001,-1.3109755902999
9081,-0.428046548920498
9464,-0.351859140169876
15989,-0.2863283030374
9373,0.066155432557543
9461,-0.83064765572303
8929,-0.187057918317519
9463,-1.0508360440241
9140,0.668929254413662
22482,-0.629302025001138
9378,-0.476309221902354
9296,0.146630998347702
9374,-0.0535249374146852
55047,0.318220563766235
9011,-0.069174831759846
8930,1.2295391491263
9294,-1.37853397782269
23751,-0.44053351470222
23660,-0.391692868507063
23550,-0.501804530439137
23575,-0.163324472299894
23356,-0.073301400550407
23458,-0.788400846056195
37241,1.14571678352454
20696,-0.472080360131723
20736,0.826202614161683
20719,-0.485162711006988
37195,1.00403446307335
37187,0.942756372754155
37198,0.416250558217763
37197,1.35354080573951
37172,1.14571678352454
37186,1.14571678352454
37210,1.14571678352454
37230,1.11444728664223
37185,0.673803030246118
37219,1.14571678352454
37162,1.14571678352454
9212,-1.36967475328532
23815,-0.553776686931641
23454,-0.324558286774354
23574,-0.0746936912945645
23341,0.272875755256714
23283,-0.0556558483640883
23451,-2.04790563024488
23659,-1.40074129275625
23354,-0.438647274442143
23545,-0.292198705153572
23630,0.0110220865231613
23753,-0.457109034586805
33312,-0.627126324097265
23732,0.0367998369703735
23731,-0.272314560582312
23483,0.416623335362814
23457,-0.386613843549269
23573,-0.420569774179464
57081,-0.254592203054847
23280,-0.358814395681388
23353,-0.87097250726927
23175,-0.809125480731178
23752,1.54056073497557
23551,-0.146370151739929
57084,0.954673159217423
23456,0.552226175919452
23281,0.571457179518281
23548,-0.588392297841969
23355,-0.0444970203905461
53653,-1.18767687357487
23259,0.342636181252443
23878,1.31011567599345
23633,-0.690510508513813
53643,-0.465742929139572
23352,0.256394205900067
31136,0.960256276878535
57611,0.307830948678528
23805,-0.803614270263673
23286,-0.233925206640096
23176,0.544518830062296
55627,-0.361983923200915
15106,0.0585188923009386
15290,-0.169984847608369
39506,-1.75346924470632
15640,-0.66877676965126
15127,-0.598171715610186
15135,-0.731266682303574
16332,-0.426270611681423
15298,-1.81957659713745
15123,0.0195482622298018
16309,0.536374039608409
17300,-0.668780779313248
15128,-0.755450837237208
15990,-0.936703601665139
15308,-1.22854377525736
16323,0.683202476333386
15478,-1.67589804373127
15483,-0.706734508450832
15105,-0.10217512967591
15299,0.170551506226452
15645,-1.14268967394652
16157,-0.83465362591286
15300,-1.3610164910045
15474,-0.741882250420745
16158,-1.04623902925236
15279,-0.455029710821834
15476,0.0821540437162427
57237,0.206799842912442
9079,0.406115403360489
23384,-1.57583624906711
9010,-0.0531593527547332
8933,-0.60871965995443
9080,-0.143233107499262
9210,0.831018032674319
9141,-1.30099417099231
25775,-0.0921282486164354
53665,0.0621810599157303
23578,0.950795751705737
27400,-0.883605376231469
9372,-0.696910358951633
9211,0.85416700837303
57624,-1.66798761891212
23664,-1.48533508383476
23821,-0.85087222863965
57677,-0.880905819311909
57955,-0.263998415728518
26398,0.778358857844871
33979,0.877119354929414
53670,0.219798894732244
23663,0.428562951540541
23288,1.44203789202371
23838,-0.75070737396769
23576,-0.476171314717672
23287,0.443774170704106
23203,-0.584913350413734
57680,-1.7338745612485
27491,0.139007943886157
23246,-0.0255125293546157
23484,-1.46721740006338
23632,0.935006296009465
23662,-0.167034727193155
23357,-0.499138142056979
23244,0.760176542334185
23806,0.43918636044342
23242,-0.709995126583766
23532,0.89929467316474
23460,-1.28741395084103
28275,0.00665403272446469
23531,-0.725818337697292
23342,-0.0896894364234766
23344,-0.451378019260723
53410,0.190839033663975
36436,-0.306536843071296
2488,-1.70409063852047
1850,0.817842830919645
1952,-1.04887789361837
2384,1.2412246837647
2433,0.586005963370653
2274,-0.216831764227663
1848,-1.07359119397988
1740,0.644758577007872
41425,-1.01577465194683
27038,-1.48448593418042
1980,-0.852008149715754
41453,-0.59630256096783
34936,-0.400729515816906
57399,0.314392463371588
34439,0.0674751690854769
34778,0.401101572157798
34614,-0.172145139292626
34781,-0.266655827450341
56065,-0.355577869590472
1406,-1.01918905540651
42004,-0.841145756924818
42071,0.890983471289285
41775,-0.276050952898689
41784,0.0990341768571455
41881,-0.140091825201579
33615,0.218462063033039
57021,-0.0242204792505894
996,0.227551227162164
995,-0.0268510641879036
41723,0.361631280007349
42077,0.51609487811845
41952,0.200819300702483
33361,-1.14622606136538
33489,-0.350157028031514
41829,-0.817174402924001
33358,-0.928579159065586
17952,0.13842145654263
41945,-0.121706771759914
22634,0.449070747601997
42125,0.12341642350219
41944,0.421641579345649
41833,-0.791535237733104
33409,-1.22145091753885
33632,1.26673898496466
33663,-0.123096871458145
909,1.83513365050205
901,0.770292174135716
762,0.483085337729352
782,-0.104757867274351
908,1.246978488637
25769,-0.125732925326276
900,-0.362538804102511
784,0.124794833514992
26299,-0.0930329614448871
6623,0.517495385450123
6685,-0.0258753266866067
6622,-0.317413800018186
6725,0.332041696760853
6746,-1.65867153215668
26009,-0.842335209926838
6621,-0.105728449651499
668,0.620893215866699
902,0.553507931136972
781,1.16796159846897
6686,0.257116931739869
34780,-0.494257634264542
7206,0.425028775159943
6684,-1.3836015582551
906,-0.751526655559356
1110,0.501190629848547
6724,0.786311091973678
1108,-0.87630545281693
57020,-0.5902113825052
1524,0.465284701707139
1775,-0.411417643719685
2206,0.374057117670775
1935,0.244284615117459
15456,-0.812785851306279
55087,-0.489932220177158
15973,-0.521215913756594
12049,0.154157319849958
16311,0.302568002924148
15131,0.0819651907244796
26428,0.816074420999611
15995,-0.30737042178115
25774,-1.39833901339627
26349,0.67179062198467
40735,-1.06323463636003
15974,-0.453317554340627
26056,1.13172999558565
24301,-0.225904352125493
15098,-0.886122982023699
15621,0.801820799399529
39034,-0.101602457934039
25972,0.975324184632877
2022,0.725350183301582
2455,0.28626149451722
26433,0.420835241613525
2432,0.0715917920350162
2246,0.410781570299832
15620,0.347043385126643
15458,0.500158571148899
15809,1.1684805921458
26352,-0.204334385964866
15096,1.83513365050205
15097,1.06177218169396
15975,0.949478563642939
15810,0.424699713500161
16142,0.400488890334448
25722,-1.05360617051869
26251,0.16078855884436
42133,0.739396324585635
2105,-0.867638844551937
42005,-0.248595661108449
2017,-0.221298519785158
41946,1.05397791170796
42080,0.747963654786172
41953,0.379821994556614
25728,-0.293438602144582
1819,-0.457680215551797
33579,-0.436019706102797
33629,0.038048610967698
33446,-0.796256443696698
55767,-1.25760409094995
42079,-1.03199033961795
33487,-0.758695034399023
41954,0.526015832570004
41828,0.0381421896095352
33575,-0.50992009627851
42131,-0.0614346062221557
33662,-0.240923920917113
55139,0.47570625464623
33450,0.148692322094826
20310,-1.07902257954674
9581,1.01935835631503
27302,0.341782048560626
26307,0.310945066566463
55096,-0.463615789882341
26211,1.03693211456726
2021,0.127642832936603
33440,-1.15525805637566
33452,0.281935930367976
25718,-0.285446085039629
16144,-0.276085979062328
25874,0.290458055105081
25922,-0.300123577853953
5658,0.547591043516901
1933,0.460636296453961
2150,0.374057117670775
25776,-0.974675512264691
2050,-0.474650293079928
5659,0.236112944021709
26394,0.218922822234441
33362,-0.263329556525986
57910,-0.382575122166388
1408,-0.209113958818092
57018,-0.705631131483724
57019,0.0185311117134438
763,0.699169486905169
33576,-0.0844035349733
905,-1.47962546278678
889,-0.487864747954698
33628,1.65727946329076
33582,-2.24165752450127
33630,1.2295391491263
33441,-0.984910663112648
772,0.185747599746718
904,1.42165106150985
1728,-0.575433191712014
57914,1.16726788769477
2212,-0.235133908995898
39286,-0.249563352950398
39858,-2.24107786801909
1996,0.498929118037154
30225,0.872254351495715
39509,-0.625052183003162
39965,-0.652401619616346
16326,-0.333574546892989
1992,-0.723293061562282
55622,0.454783980940425
2406,0.477279988470879
33445,-0.454789174973875
1885,-0.20506277874821
2515,-0.418123524940572
2389,-0.144779001318838
2194,0.0889648513095245
23285,0.478234595494112
39745,-0.608242781352803
39277,0.0368272329305727
23258,-0.296877048814302
23730,-0.854725403492938
23728,-0.0372059259894215
23449,-0.838440512342282
23822,-0.834172356688548
23544,-0.293385449816835
54787,-0.505614893892037
40078,-1.63734617816411
39497,1.16456246244177
15480,-1.36967475328532
39833,-0.980585512687539
54066,0.116212455566002
33661,-0.617470328042405
33405,-0.682732299885874
23386,1.54056073497557
23174,1.38773431332212
6747,-0.200577044722072
14937,0.269994334417803
55059,0.1786028968055
30297,1.42165106150985
30405,0.448632287406496
6687,0.476647826148139
30366,0.00177559415095704
20627,1.83513365050205
2195,-0.763730174454453
20720,0.749917624923453
1791,-0.361397866463174
1899,0.0525805995908942
30299,0.461141173291725
30298,1.07795567028825
30351,0.400105515273971
20735,1.50317309307795
33580,0.859105156039504
30334,-0.00493551901471119
57383,0.54265483875228
34249,0.687718557345416
34448,-0.10604025128539
34250,1.08574094407591
57382,0.647071621935158
34786,0.462278018167549
55968,0.995346373153161
35305,0.766654047410613
34942,0.268542613128746
26393,-1.03173150323844
40073,-0.54360419942922
26208,-0.686807678768627
25826,0.328783130136514
25871,0.0395635522843249
12653,-0.105062670129384
26007,1.26046411338558
25918,0.387716916547644
25828,-0.530996964053486
1355,0.407582544724692
1351,-0.331811657260957
23385,0.572535812808266
25829,-0.0726650945194125
57280,0.0286200510506716
16149,0.038724546065822
15289,-0.753575415075506
15459,0.323173539921844
15461,-0.160027602750139
33485,-0.0521807129954037
2272,0.167823883679615
55183,0.152479288062182
2018,0.432732502518529
26303,0.0780309019957398
26400,-0.919892284321333
1727,0.21772220019652
1778,-0.292666372265474
53404,-0.0990361648602509
25088,-0.00125711608887797
41649,-0.828044182110283
55158,1.23787797566673
2240,-0.29199610246073
38939,-0.683613082011732
39030,-0.420934998883727
17817,-1.35206750506449
15463,0.710158917323659
23836,-0.376037727453674
16159,1.05200764354874
15818,-0.0514332690173312
15475,1.05479073898542
2104,-1.42042007900286
15980,1.54056073497557
2535,-0.581873639109687
15464,0.7363645071246
1994,-0.220480967156154
2106,0.115463493019422
23754,1.54056073497557
30249,0.899702853419751
40614,-0.0943641974463815
5719,-0.674963723906545
5345,-0.889565902250737
23485,-0.715129308079905
5596,-0.745951027514228
42220,-0.192897520018664
42245,-0.594843823033422
9876,-0.202243853313869
40206,-0.336046922544722
40129,-0.296721628816151
41071,-1.35822500990059
40493,-0.467376224113274
40820,-0.400333087475996
3994,-0.645591854999842
40131,1.33759941668894
55285,-0.549783790410427
5397,1.14742668204033
6520,-0.198387362718024
6437,0.0614083998049103
11900,0.860390992535927
43848,-0.705511671893499
4131,1.42852414980678
14744,1.02283376029596
16791,0.25299995393852
1183,-0.502172512919266
13194,-0.873450223496024
53589,-0.883043140719475
1117,-0.521290677484702
13229,0.0710303572719574
13190,-0.22963943007561
1185,-0.597309667952677
13289,0.292330704386832
13290,0.355759045526293
13259,1.05200764354874
33981,0.196982622268782
13362,0.571629309043849
13359,-0.72591034186206
13146,-0.673972289721701
13324,0.0578302985980019
53598,1.39159144662296
53595,-0.393263926495822
4197,-0.338171411713336
11798,0.211811013771373
53934,1.26673898496466
53875,0.641268026714008
30477,1.11181357571384
53517,-0.495929388824878
53675,0.99976820684773
33255,-0.68654862928505
33223,-1.16169231619652
56146,1.65727946329076
4165,-1.54009359925891
53814,1.54056073497557
22638,0.13479643543718
32668,0.700670813099897
44841,-0.791969150725138
39402,-0.332408660744028
39966,-0.095585314390763
45257,-0.828967402001654
10211,0.0177471811983985
45254,0.40731861273524
1189,0.160149922046428
32552,1.06504911333527
43801,-1.54790546544906
6541,-0.884046597381466
6485,-0.595730500015755
6508,-0.832447425825322
54953,-0.866580287182293
44237,1.1296580688181
12163,-0.547282067802107
44346,0.396686401463815
44235,-1.12382706830923
43802,0.0504846513965612
44018,-0.112685416307608
44268,0.422369065170484
6539,-0.667428538554343
6593,-0.303141081155246
6462,-0.965125571376163
11860,0.95809173556644
43946,-0.101987855873195
43847,0.151021763295403
11808,0.978773032337131
11587,0.703714829571701
11810,0.369532748542669
44267,-1.59958248892208
11764,0.426323350919225
11632,0.811715038411221
57331,-0.221257327454959
43849,0.726820115480029
43658,-0.63722212699098
11633,-0.607523278619861
43650,-1.28932249787878
44160,-1.6351452040049
43842,0.191344172471805
43846,-1.13964914083917
44159,-0.58606389876518
44258,-0.85911387725528
43544,-0.472005700914252
43651,0.139222533980009
43841,-0.0445052586156212
4169,0.0569637882483606
3983,0.685763344675824
4171,-0.643949489815846
19678,0.391520620994084
19296,-0.304748261676357
19574,0.715672362792493
19361,0.477630659252195
19241,0.587298265018315
19708,-0.316622718814411
3970,-0.030654780426551
4126,-0.850251792983454
4032,-0.169032542594071
4033,-1.23865694512389
10979,-0.958039171993861
4123,-0.289674383674136
19365,-1.67378936127004
56451,-1.46245794208591
44257,0.426850213652335
43648,0.0474680218671851
43851,0.257086875743694
44021,0.240762985551562
19330,-1.12221070660856
11705,0.131124577826969
11796,0.104118875901776
39177,-1.96741258614504
11797,1.00606836488446
11887,0.18088377770462
11661,0.436213170019054
4243,0.960256276878535
4209,-1.23465553038091
3992,-0.75961076821477
19680,-0.0459460794670571
19261,-0.0674586653269827
19679,-1.18554511145955
19483,-0.58218462870116
14804,0.378451191927959
14803,0.916906618213866
14747,0.129494152871021
14607,0.368468046458683
16732,-0.15936379827376
16927,0.256068910248621
16926,0.567693323802577
22419,0.13061954318675
9837,1.83513365050205
19482,-0.265558960753568
19329,1.22980188417356
56445,0.864496534494939
12628,-0.469988212468334
10872,-1.07081182291437
22271,0.434880723043526
10812,-0.463539703488693
9971,0.195915524664637
56410,0.0877484367630437
16814,0.423336113234386
10811,1.12705564959278
19418,0.922453591492007
56424,0.265429195494627
35304,0.210342773535438
25185,-0.203378595351825
24512,0.629726946385373
53669,0.966293940797862
53735,0.490013755069043
53746,0.304003376810854
53756,1.30560970523923
25523,-0.888394557324281
24832,0.69708724568467
25679,-0.148794407339927
53739,-1.00508660044497
3270,0.531279551792861
24728,0.190163057788501
26049,-0.385462926351905
4248,-1.06805567896313
22325,1.07795567028825
4137,-0.139996265626489
4232,-1.00854732862674
3984,-0.678820400794096
4154,-0.351722651825266
4233,-0.286605744452162
4014,-0.730678108663255
4249,-0.36551664533291
4060,-0.173231797307479
3990,-0.784227016437771
4100,-0.345770231239095
4124,1.07522969802714
3972,-0.030654780426551
4198,-0.94586967652491
39854,1.14742668204033
39401,1.14742668204033
53855,1.07795567028825
53845,0.81464072314266
14840,1.83513365050205
14707,0.0551771012264195
14497,1.33759941668894
26253,1.83513365050205
5722,0.891082723695868
19575,-0.0107056339326415
14644,1.5213223668003
53827,0.22085827185234
53817,-1.68859234342461
24965,-0.132112122110304
4016,-0.27468909658405
58177,-0.074189469976096
4102,-0.575077545342237
4208,-0.730541875847589
4173,-0.406557282351748
17948,1.30560970523923
19546,0.931992853676357
19450,0.459500440292493
19518,-1.55973270003252
26397,-0.252348737827352
54172,-0.00393827131186799
53712,0.840856450067797
53782,-0.156469052534855
53699,0.704280192534222
24968,-0.743484203222814
58158,-0.221139774018101
32722,1.14769180251569
24967,-0.00943872423874211
25319,1.2412246837647
25089,-1.52176564122053
54169,-0.973837697227633
53929,1.07795567028825
24969,-0.100182107243097
53907,0.895748749610709
25087,-0.911022728526103
24833,-0.208155860260367
53912,0.710250053179519
53897,0.546936904850693
25725,0.262727993017994
26300,0.00665618884366398
9591,0.925495178397915
53860,0.431648276172142
3989,0.257552648963134
27747,0.202933073148403
4178,-1.43534063133136
24418,0.19711407736954
54997,0.338084768519231
27817,0.568718526987056
7359,0.661204040481166
28009,0.842609599547258
28032,0.834003574746585
27897,1.04822493964607
27964,0.420301929665397
28075,0.333303477560129
27838,-1.12862578638385
27652,-0.0582520868462642
28082,0.906058027597952
27839,0.705588155502785
16686,0.173210992785277
22261,-0.384020072969137
20242,1.36531092261898
20219,-0.483046914689232
20218,0.420412456409833
29523,1.83513365050205
29802,1.83513365050205
29743,1.83513365050205
30016,1.44203789202371
16904,0.0466617578099469
29684,1.83513365050205
44657,-0.151410256101368
29570,1.83513365050205
32718,0.134150291834764
29883,1.44203789202371
16790,0.721928895190325
29884,1.83513365050205
32922,-0.565078924659987
33903,-0.64619528563094
26108,0.487833053670918
33729,0.535384481702757
34095,-0.68678438965821
34023,0.487330881620072
27695,-0.854267160519285
29563,1.42852414980678
29740,1.83513365050205
29742,1.83513365050205
29946,1.83513365050205
55088,0.886303449610091
44740,0.241882628323318
27813,-1.59958248892208
14684,0.725350183301582
27941,0.375133945085946
53489,-0.653613694334415
9723,-0.548170865085526
9724,0.0523989450862366
9725,-0.306760282428419
9721,0.56240795129464
27709,0.222478173117704
28004,0.761204308738944
30028,0.935006296009465
30029,0.782475712064438
30129,-0.108223714271898
30228,-1.47785742143234
30229,-0.827442126515232
30230,0.44898243898155
30130,0.978773032337131
30065,-0.960845255723643
30132,-0.26157033450251
30091,0.36080417725507
30227,-0.479891992731386
30162,0.469380727032297
30092,-0.268518020748602
30064,-0.442827602817476
30030,-0.0203948956735948
30224,-0.685102959351954
34044,0.512063638752158
33982,1.23344143058028
34177,0.98463624279171
34120,1.5213223668003
30251,0.549904498879963
30059,-0.57754342558847
30253,-1.17425737382195
33866,0.147444026201248
30252,-0.450444228266036
30156,1.15027653691772
30088,-1.27482277443853
30126,0.235221238827388
30058,-0.507316983865404
30157,-0.12269811139327
30061,0.850055077017243
3494,-0.204111421196653
57338,-0.667793905155157
3826,-0.314610142877716
57341,-0.326924870623093
3086,-0.116871341880788
30840,-1.40867588635484
3829,0.862686129608295
31362,0.260718031902763
3084,0.288789158273705
3670,0.3927824285851
39856,0.385176045850142
30841,-0.129553020373547
31017,-0.0194709698310528
31272,-0.967055451714794
39859,-0.630673115888431
31372,-0.355515099433867
40072,0.772474063796734
39400,-0.00426953902296066
30759,0.338764535976367
54060,-1.67388270194116
54064,-1.41375309406611
39632,-0.993635785186456
17898,0.236112944021709
17872,-0.218909415014181
17618,0.978773032337131
17514,-0.759289997153881
17335,0.141031821279551
31198,-0.722215996969635
57323,0.443442170538857
31122,-0.755607082233526
24455,-0.525934652652646
30932,1.246978488637
30757,1.246978488637
31123,0.378602004669596
31280,-0.661021697745745
43183,-0.167581584974058
43002,-0.413045515226278
42918,-0.413045515226278
17761,0.865929258588597
17517,0.391958072074661
17950,0.947792899735209
18009,-0.0807231291541656
34423,-0.24212423918636
17870,-0.361027720984267
17619,-0.817459622204616
42732,-0.746088382241662
17301,0.359223276968188
17302,-0.289780549814531
57577,-0.308469964143943
31281,0.837320354621051
57579,0.254702812175182
17334,-0.740579320555627
17721,0.373758468149584
17579,-0.538971440050569
17457,-0.251490489633166
17299,-0.741834679930921
18036,0.0715951461102046
3921,0.650589745259729
3319,-0.765410919739868
35105,-0.212472793751973
17515,-0.121045827572364
3609,0.391269264969566
18011,-0.684602980594746
30931,0.974027643049556
17813,-0.206770173616691
3137,-0.928150888794793
17513,0.270448561020806
3549,1.83513365050205
54067,1.83513365050205
54061,0.44280362947697
3383,1.83513365050205
3548,1.03430025873439
3143,1.30560970523923
3195,1.83513365050205
18010,0.964108442359774
3426,0.285121779053489
19543,0.348234959804707
54050,0.666411100144784
13936,0.508029108537478
3424,-0.86481572724229
14250,1.14112215922579
19677,0.57858907934484
3191,0.0424293052516678
3874,-0.216300934360192
57580,0.975054172071493
3878,0.299140161095301
57570,0.796963490348757
3604,0.00460800148016341
14110,1.19186460097816
7640,-0.15605836662249
41722,1.28009534200907
17953,0.560528656106072
13933,1.39159144662296
17249,1.11070938127165
3266,1.83513365050205
3379,0.626937139116252
3732,1.83513365050205
3320,1.30560970523923
3729,1.06226294068206
17823,-0.224300013756051
3082,1.50317309307795
3669,1.55652798893701
3142,1.03430025873439
3381,1.30560970523923
3923,-0.847603989038634
3781,0.103606832766705
17897,0.273446848736737
19573,0.376504960212656
3373,-0.160073165725247
14326,0.312460297927608
3428,0.29112804080092
13931,0.812871231730955
14175,1.21677815845261
14327,0.554177539631115
14111,0.988544171447664
3376,-0.430307857498807
14033,0.621047494951545
3828,0.592558698677948
18200,1.19756687941598
3543,-0.44624103016843
17668,0.10255142822599
17759,0.0585232814608212
17961,0.168699968801576
17820,-0.467607991195789
17954,0.467939986275354
14176,0.366618637487441
57573,0.804521849174766
17722,-1.44049898961207
17516,1.0379900047388
31273,-1.15128296665138
57391,0.334516607759306
26105,0.31586094139297
25822,1.04822493964607
3193,0.790009566239519
3377,-0.0607955242542061
3827,1.83513365050205
3671,1.83513365050205
3545,-0.398497041291995
3265,-0.0489790581765166
13790,-1.57008862661615
3664,0.757408830428833
3371,-0.110465741883344
3257,0.064426278323344
3258,-0.498996812862181
3427,-1.04471467267212
25724,1.10318100339514
25729,-0.531175476503644
25732,-0.413465964316096
3196,1.3209523332117
54052,0.648463931945883
31191,0.0413164369396922
3318,1.55652798893701
3378,0.349266828159527
3776,-0.316028587663489
3194,0.293308234053873
3382,0.297108779370257
3881,0.311590713540726
3259,0.181652650897008
15641,-0.84558306507987
3665,0.0871285253780192
39288,0.57044571481801
26858,0.652808997433989
54024,0.316613749665063
3726,-0.857483896938981
38999,-1.12476970141584
31443,-0.701681155610584
30922,0.302638731480183
31014,-0.15462242018612
31113,-0.412147330904139
31271,-0.656827423178068
30843,-0.624201488591949
54053,0.139882009401457
39730,0.641268026714008
35605,-1.19099870683297
39276,0.17765833278617
39844,-0.754153581607632
54019,0.300230228534742
3662,0.973458002156322
54015,0.82576441148701
3256,-0.405757153285259
3728,0.0590689455276363
3777,0.433588133661872
17253,0.682560567959783
17512,-0.4223603298189
18285,-0.934024576813929
40070,-0.0974628387159536
39839,-1.14000687627922
40066,0.12562528272192
39727,0.818668523387299
39503,-0.759067875962418
39953,0.115078898988505
3321,-0.967552498265443
3823,-0.687446691614723
3667,0.079385647411229
3189,0.439409883022855
39617,-0.201524558937887
55815,0.327493270093808
10622,1.18745386916793
39502,0.22108564586231
12552,-0.0294016717955008
10870,0.318398126593178
54051,-0.299077141121147
10494,0.0432342072129058
17814,-0.76201008038314
57565,-0.131129213365484
10495,-1.2244890257773
17372,1.44203789202371
10868,1.24488052212219
24509,0.0326977931241771
17816,-0.334232117066963
39619,-0.154793659699132
39843,0.416750411101017
39618,0.340376713286101
40068,-0.333383425672976
17660,1.2295391491263
39841,-1.25373029677276
39731,-0.531618493060044
40120,-0.772266232148019
39620,-0.507648325025908
17662,0.404240908741696
40123,-0.167673321406334
17661,-0.345517098696618
40617,-0.643937738439062
17821,-0.243555894051326
40728,-0.201646802720304
17949,0.121197525581527
40124,-0.47265638398307
40616,-0.18711851380339
55261,0.975324184632877
40235,0.94825796832121
17951,1.09968299340498
39726,-0.642425775855624
39394,0.24072634602434
39612,-0.933651807380576
39633,-1.28848918754231
18143,0.92029613150269
17955,-0.426186076963195
57569,0.120880490023216
17664,-0.169423415157804
18087,1.30560970523923
43182,-0.437348235435718
43090,-0.693140243596907
42916,1.19225836347323
40734,0.230683326521212
42903,-0.00288732125447324
43174,-0.413045515226278
43001,-1.04939064009489
42645,-0.63489188892551
42822,-0.606048600038494
43184,-0.101108191886252
43185,-0.292185426036179
42824,-0.629144638001245
42823,-0.419908919331321
42920,-1.08127970008569
56587,-0.413045515226278
42919,-0.440217307109495
43186,-0.98112261130677
43280,1.83513365050205
42990,0.379821994556614
42987,1.83513365050205
54480,1.83513365050205
43165,0.642240932874702
12363,-1.08390889278383
42988,0.183322107860922
54211,0.19377824535172
42820,0.236350735950316
42811,-0.0474162020322108
41832,1.17848825832468
42629,0.205642559779995
43082,1.44203789202371
42989,0.0862589401150574
43164,0.00199432097418014
42813,1.39159144662296
35303,-0.695625487876393
34438,-0.350157028031514
34935,-0.442827602817476
26050,-0.361562604172973
26207,0.187354125585263
34934,0.244404369615191
34444,-0.0212889748604985
35448,-0.00825887232655905
35291,-0.136999650413673
14032,0.529302303723901
26156,-0.0739186099677061
34451,-0.474432861403161
35109,0.387319031745864
35290,0.0199500797183886
56075,-0.0676618393548893
35106,-0.130148149190576
26052,0.550269213180708
25873,-0.278438064190656
25766,-0.11396412025664
40490,0.278737336431219
25765,-0.0611005704803305
56726,0.328294880660747
26015,0.934361886732892
3495,-0.106132372681006
56711,0.269388066303342
18455,1.1173367565682
18335,-0.049988154392037
18494,-2.22830845064636
18331,-0.0405732109583819
55039,-0.196115865051112
18337,0.440202927949454
25970,-0.857875830933186
58137,0.0946246446708945
5595,-1.03657623229464
25872,1.12705564959278
26051,-0.436581794875314
26158,-0.734362928766285
26206,0.616870731217065
25720,0.877097484463005
26011,0.220649196989091
55067,1.36531092261898
26008,-1.89031322440418
56737,-0.256777476568016
26204,1.03789395999515
25719,0.343824445072169
25824,0.775257181325642
26106,-0.337802676568965
26205,0.575625478446003
18195,-0.0540421277649119
35293,0.872489893177646
35292,-0.542225550269557
57412,-1.14057890261952
23877,-0.714608976176328
34933,1.44203789202371
35296,-0.744257117445936
35450,0.157400701124892
30776,1.44203789202371
31210,-1.04052406662224
30946,-0.181996785126683
39173,-1.20515532473972
39171,-0.61731063429666
38968,-1.09784782458155
57594,0.223953873212818
34442,-0.365457626814385
57408,0.978773032337131
34618,0.420123468242787
3267,0.0490181671335477
35447,-0.969684549650094
24235,0.722747991742691
12446,0.166832151473609
34766,0.323931725458254
35273,0.00720476169750184
3079,-1.07002129250165
39130,-1.29051303219266
57596,-1.13371120827812
39027,-1.01514173432296
57600,-1.29215218006332
56133,-0.309376929738391
34762,-0.0823288952919544
34426,0.45068336483677
55944,0.616870731217065
56120,1.05397791170796
34604,1.19225836347323
31046,-0.0847847944281676
31390,1.01935835631503
31301,-0.0816203945341101
31045,-0.961158466038709
30947,0.699169486905169
40351,0.699169486905169
31389,-0.471781582749487
57359,0.557829558901453
34606,-0.297070593785837
57402,0.501641797501716
34443,-0.949906595957136
56107,0.236018479532499
34607,1.19225836347323
34222,0.372124401845899
35451,0.73744119301215
34425,0.345114504381863
18588,-1.2214562615122
57360,0.296727700936834
30777,0.0949342320410193
30854,-0.171776695095689
57361,0.155792295992961
30948,-0.597185481388629
31300,0.296727700936834
30950,1.44203789202371
31209,0.333799373671427
12649,-0.410887382235256
12048,-0.156092958377641
12625,1.19418418687983
54212,1.36531092261898
35302,-0.383288699367343
30933,0.471965214049122
57322,-0.192386878290616
3601,0.829015460842119
3076,0.755517319446732
3423,1.19253843016218
31373,-0.265675125432957
57321,0.228918438327742
31025,0.333715947053476
31121,0.0305046527641526
34616,-0.986308077993609
56163,0.85954074910224
3262,0.00644044896237502
3550,1.83513365050205
3822,1.83513365050205
3078,1.40059269551454
3610,1.83513365050205
3490,1.83513365050205
1773,1.83513365050205
3666,1.42165106150985
42912,0.276923770036353
42985,0.311590713540726
9735,-0.416007627981677
42819,0.359825278741761
43084,-0.378488544961688
39097,-1.38043219993626
18336,0.0864565910450041
43086,0.152016790575331
55178,-0.341675811931225
43181,-0.771244037206164
55137,-0.363767528152335
43293,-0.0647521318179888
18372,-1.31265597145824
42643,0.00771353413775493
43178,0.636038456013622
18492,1.17852700859143
18332,0.468437471985712
24852,-0.792951902580498
42821,0.352972381171094
11966,-1.04147668663638
37577,-0.405405517471538
18339,0.062884045352254
43291,-0.18714205988104
31047,-1.64566847099945
18493,0.0371039611157214
9921,0.0489313670767069
18495,-1.46579152859948
56094,1.11070938127165
35094,1.2412246837647
42738,-0.278295202913822
43080,0.0881235311583164
31135,-1.26204925365432
30949,-0.521257122980991
42818,0.644275374331015
39189,-0.785258533852174
38969,-0.889006573892966
39170,0.116212455566002
12139,-0.499670114723912
42635,0.316542420773539
39028,-0.381392158866195
53289,-0.0522538892597772
17247,0.454021897697385
43179,-0.064358416761279
42910,0.393331186725164
42917,0.0387608053955775
43290,0.14689509094864
43292,0.297404547940954
57615,0.364970364536616
43085,-0.278207742493484
58025,-0.984429322257765
39035,0.569794459287666
39138,-0.240947294179385
54178,1.2295391491263
3138,1.10914253345121
12161,0.846014551816315
12060,0.40676195880639
12554,0.706323375989371
54196,-0.881089311379526
40075,0.179856445567552
12199,0.133069207188046
54168,1.44203789202371
53353,1.36048546698215
58028,0.115078898988505
12124,0.215465574838191
12162,-0.504672698697047
58027,-0.634859925536507
57701,-0.320636496757527
39102,-0.932744031122649
39002,0.0548958697890452
38947,0.00388337110629079
38946,-0.0202935022012138
38975,0.333769667892129
22941,-0.104859674216939
23658,-0.32573060623709
12046,0.0478814764778484
43166,-0.876439066348413
53363,-0.0802453943334881
54176,-0.732067983338884
12270,-0.911645990105788
12159,-0.0486217237568095
39063,-0.168101225200225
54173,0.133549076010962
54170,-0.523251211393511
31282,0.739857917181994
53459,-0.616260977807732
31405,-0.459227893266816
39176,0.217119009689222
39064,0.0663674022895206
39137,0.307384254152942
38949,-0.280849846847925
12526,0.391772831086509
54213,0.569776135433012
43282,-0.117488452677707
12147,-0.6393823854285
42909,0.498111065945912
12492,0.23441022411311
12348,0.720318680394688
43078,0.269026217917004
12600,0.0664104831160151
43000,1.06660212469283
43286,-0.072369418615913
43173,0.476674847934513
42630,-0.725372969652928
3607,-1.41373144744997
30855,0.415121163291926
35604,0.498115928513991
35578,0.293308234053873
12436,-0.491052194990926
12434,-0.356096945115612
26591,0.789145130179725
55819,-0.283637319929611
12660,-0.802720678526796
43089,-1.11324108893922
5458,0.919022186143357
42729,-0.0735673084745548
55822,-0.374783350679452
12137,0.767943663737581
39098,-0.357976781834971
12416,0.264695321416603
38974,-0.680508914063346
3663,0.89466801901982
3831,0.703714829571701
3920,-0.390033555482815
3551,0.775988295400566
38973,0.364970364536616
39094,0.725350183301582
13932,1.02662658174916
19713,0.268951840694534
56889,-1.63123954831925
3264,0.0087728254042583
41559,-0.0316186868553147
39505,0.0307172087670673
39405,-0.461740509572586
39285,-0.102405341793882
56710,-0.774722710174911
54209,-0.157113012719483
41375,-0.647920810117867
12362,-0.662424024146401
12494,-0.769003764572989
12307,0.911996340260125
43175,-0.201266989408399
33453,0.407056452023986
42997,0.276424305593688
12253,-0.738960750604874
43172,0.950301225786819
27882,-0.496244050930144
42637,-0.143707047420955
43287,-0.308479050191151
42634,-0.189169629204214
3077,1.54056073497557
3668,-0.00775794426329025
3540,1.10914253345121
3600,1.83513365050205
3322,0.570588476571585
3271,0.520596194693383
3269,-0.428197491497953
3083,-0.0415424774646961
3192,1.24640415076055
42992,0.769345943124841
2666,-0.57186230769546
43284,0.24446103440728
42907,0.14688891197866
3880,0.252567017747401
54486,0.00652102130131889
42633,-0.230282182410909
42908,0.154967687421926
43285,-1.36196984823645
42994,0.14689509094864
43281,0.769772442120496
35579,0.373979754755902
54340,0.243477087645531
35615,-0.180214429194471
39386,-1.00286398563627
39275,-0.345096514305814
39500,-0.871866533425266
39951,-0.0459227740015268
39274,-0.316028587663489
54057,-0.41264771147665
54055,0.67754939839431
56974,0.526606282477275
3087,-0.0758604488350603
3606,0.281562642765235
3782,0.726127617859341
3544,-0.758935638528473
57661,0.431685838929793
3546,-0.0368500711982056
42641,0.0857035800545466
3672,-0.511307732275083
54059,-0.193771985040268
43076,-0.186414919160305
42816,0.384722282163368
42906,0.36487411078304
43075,0.508153882477644
42632,0.0350339383830143
39389,-0.579944295223865
39837,1.44203789202371
39728,-0.0873168074569921
40063,-0.894475794462125
39498,-0.114861367719551
39948,-0.372323966500301
39950,-1.28044335743381
3324,-0.257961198029678
17616,-0.549842198473084
57581,0.698323195689984
17723,-0.372304739239334
17663,-1.2067430424843
17511,-0.0594080632961751
39960,1.83513365050205
54054,0.269388066303342
54751,0.461920923404278
39273,0.296753495947457
39613,-0.68917672878895
38944,-0.338929917846016
39616,-1.43818625064893
39133,-1.5798678209666
39272,-1.00599789406445
18196,0.29369367404961
39059,-0.397576983971812
39001,-0.763114951662919
39100,-0.76193728842619
30847,-1.08223406187126
57658,0.459460694518875
39175,-0.312186436811698
17617,0.373758468149584
17760,-0.129636074736359
57582,-0.0278623147552561
12141,-0.81123244780298
17620,-1.22814983697892
17815,-0.402127712142022
17255,0.229619354968302
18163,-0.838788787652363
17254,1.00551754985598
57697,-0.209255346378723
39838,-0.282001620026378
54065,-0.857523032246058
39610,-2.24107786801909
39172,-0.290513651889919
39382,-1.09331336958353
54754,-2.06911567128002
39000,-0.760068638438007
3261,-0.57096732078511
38942,0.176679754961615
55410,-0.866904808312004
57655,-0.318657727382853
39134,-0.298331125069004
38941,-1.46961815858949
39092,0.0815359853192554
38972,0.355937454470454
12242,0.784412109177573
53339,-0.280889707512845
12651,-0.0105798228457418
12553,0.514353681360521
12241,-1.32889517141653
12654,-0.0588933407534364
54062,1.44203789202371
1886,-0.228312546049094
12351,1.42852414980678
39609,-1.21899137530112
43749,-1.97614240578257
54777,-0.735233925855252
39058,0.767803081782956
54058,-0.300328070867172
39132,0.0025537299590007
38970,0.0474811919371186
40076,0.538062816900992
30853,-0.301390326729507
57619,0.628660149705679
57618,-1.16445428133382
38936,0.324240400239527
38943,-0.38360803385509
12047,-0.446500821222619
22582,-0.68305829964795
12146,0.518565086881807
12243,0.856524617051869
12533,-0.868048060590695
12531,-0.171997788973567
11969,-0.71285912833113
39634,0.0114583464397905
39959,-0.242674296904602
39095,0.193396652583756
39101,-0.38360803385509
39031,0.623414440884636
39829,0.0971079601522834
38940,0.742273621968749
39061,-0.12325339466914
38998,0.866352368865653
39033,0.391958072074661
36346,0.277668283307175
10871,-0.186815248792195
10472,-0.397488513786718
10602,-0.117131038113066
10405,-0.253277255558117
10471,0.88578537709837
19327,-1.06929531762749
10682,1.58817672555226
10807,-1.34693282032689
10492,0.66085437976605
10803,1.33519027557843
10810,-0.0344975298057926
10562,-0.0877725708662876
10560,0.866880802575647
10869,0.460859129786671
10751,0.856524617051869
56378,-0.272917858619515
10808,-0.0190851956528849
10785,-0.0419885256435321
10749,1.06869639110605
56254,0.617288814254293
19542,-1.09067791749789
10663,1.12705564959278
10805,0.203652334919919
10844,0.859105156039504
56272,-0.272786667333079
10664,0.121153538107924
19390,-1.56055396593105
40991,0.597023833056881
40125,-0.877255415406125
40743,0.0760627436553033
36444,0.207950691206358
36838,-0.390895977491397
54048,0.373758468149584
36848,-1.14354137408589
36535,-1.46268829288879
36727,-0.336269897563209
36790,-1.03627616118191
36586,-0.369217310063167
39729,-0.784657489573074
36789,-0.523464824786175
38101,0.229489378441637
36345,0.0616205668285965
36849,0.21340679573722
36454,0.235177574391639
54033,-0.389505140080575
36850,0.206286659607555
36575,0.737858818282591
36516,0.131543409494399
36659,0.134926020978763
36783,0.121820801982009
36801,-0.191333116451803
36717,-0.629304163104738
36722,-0.315096552576521
36379,0.145043149760165
36773,0.807384084965605
36446,-0.0149580295128223
36676,-0.100609150986347
54255,-0.296769172918551
36646,-0.595748038075371
36515,-0.900809803048347
36587,0.435848187029306
36390,-0.225242313203501
24417,-1.40769951690643
53183,-0.947548222379833
53171,-1.17673405000623
53287,0.522685945523031
53284,-0.722839442053166
24068,1.11318597338566
39842,0.416607120393756
53356,0.57940939073171
53314,0.979345155281754
53304,-1.26337532367764
24233,0.820455728258639
41639,-0.717427885709364
33653,-0.410916322660456
24456,0.0977828790629464
903,0.386116921061666
53324,-0.546328434855232
24115,0.475620068088383
36785,1.2412246837647
36835,-1.15432952418293
36574,-0.869858117221801
36660,0.557406713030943
36389,0.0490359842174259
36512,-0.587949742481345
36741,0.427452302441806
36453,0.341782048560626
36720,-0.118810964843854
36723,0.0443630112332155
36585,-0.346476273173464
36388,-0.0474353080458572
36658,-0.460458050712547
55287,-0.461723173381938
16325,-0.838322740501
26103,0.467854721237608
53498,0.487418416992834
53487,0.893389782362216
55022,0.596892345064622
25818,0.616870731217065
1984,0.953447507318921
2485,-0.53381079777487
2316,-0.294137768730699
2271,0.340396475669799
1781,1.44203789202371
15827,-0.531721911821396
57289,-0.498570907870195
16163,-1.06083043063564
16160,-0.529433754530193
2409,0.00719022514460322
25711,0.808923234012558
25820,0.0497610413055081
15302,-1.17853241072229
39744,-1.24627321050138
15130,-0.554316203627234
25715,1.1173367565682
26202,-1.0365144966879
55029,0.00663352382111512
1934,0.148467769109746
2198,0.777077512603111
1774,0.166009678324652
1772,-0.20506277874821
2193,0.532724306142187
2199,-0.773339533301825
2517,0.10086081251184
2086,-0.197664501965987
2516,-0.324134980428861
54957,0.0579965976869686
2197,-0.625910389010629
1884,-1.17416917715048
53474,1.44203789202371
1982,0.386870600802095
2319,0.581682862642558
2375,0.721176916238647
2239,0.566383844990127
2519,0.726105937044312
15306,-1.01605605787405
15643,-1.298209752145
16324,1.44203789202371
3673,0.668303559145104
25916,0.3194213261048
2520,-0.058525215863346
25821,1.55652798893701
2202,-0.4638267710949
26392,0.917991638717801
2408,-0.443935441700662
26350,1.06438054998936
55004,0.721928895190325
25717,-0.050918730387557
1116,-0.370743868567882
1513,0.655292184421492
1883,-0.320028433052016
1981,-0.0840530523573478
2259,-0.101023794931999
33631,-1.25961086668012
41834,0.514916088803887
3088,-1.7916075653731
3317,-1.83171082907409
57575,-2.1443408160779
17422,-1.83670230174613
57333,-1.71010169220268
54025,-2.18357973595842
17373,-1.33578769800632
17580,-2.0795224324952
17956,-2.15830530657424
3876,-2.05646510330406
3830,-2.15486633283229
3372,-2.1408419896968
3080,-1.46762604501462
18086,-1.83171082907409
54022,-1.73610032582444
3085,-1.69035017862201
31363,-1.49948983330569
29964,-1.66646568249408
57344,-1.68944993951647
3733,-1.56936834289636
3255,-1.50074429151748
39962,-2.18285282081045
39392,-1.42798668644682
3190,-1.72826885892098
3727,-1.53873423198062
3263,-1.76632277338582
18201,-2.18285282081045
3430,-1.89693478815821
3316,-2.18357973595842
3315,-1.56319852229147
39393,-2.17963178686743
10493,-2.15486633283229
41601,-1.64928149012412
10561,-1.70449505869608
39390,-2.16979759574002
17669,-2.17963178686743
12251,-2.05078067982568
34440,-1.95490527952097
25770,-1.95914093657583
18406,-1.76522140251954
34615,-1.77097016716162
38937,-1.75969964991052
57404,-2.15486633283229
39091,-1.61426119767392
39057,-1.69766122287013
27164,-1.45614059456491
34223,-1.53490264176715
30775,-2.15830530657424
31302,-2.02800653911497
57356,-1.74933339850889
56896,-1.74473085482967
31197,-1.77856802694108
3780,-2.15486633283229
3875,-2.15486633283229
3187,-2.21239794659454
3779,-2.15486633283229
54049,-2.15486633283229
56171,-1.31917861344762
3924,-2.15486633283229
3778,-2.15218401068058
43073,-0.955926829623878
43288,-1.69641177528103
43169,-1.65574068888278
42638,-1.41141237568753
42737,-2.15486633283229
42998,-1.30026251633619
43176,-2.14878122680723
42995,-1.65574068888278
42814,-2.18285282081045
18334,-1.41678235711749
44741,-2.09731798425985
18333,-2.23394196993512
55170,-2.17963178686743
42914,-1.54947885027785
57400,-2.15830530657424
42639,-1.51600066464124
42735,-2.15486633283229
42640,-2.15486633283229
34605,-1.4448940043577
38997,-2.03742249925566
54194,-2.17963178686743
12228,-2.17963178686743
39611,-2.1604171759203
54184,-1.54699827769465
54186,-2.13685106306686
54181,-2.18285282081045
1127,-1.55851543714011
12349,-1.1757782230341
1129,-2.23454071127077
1130,-1.50509775574608
38948,-2.09959774388201
12140,-2.15218401068058
57707,-1.43350359662976
40880,-1.64190276075589
1131,-1.38500244206291
1132,-1.22900286898628
1133,-1.70042473388235
1134,-1.62897031985995
1135,-1.72940260685802
42730,-2.10897042112209
43079,-1.86693014131958
12673,-2.17273679298934
12157,-1.59694044554272
3541,-2.15486633283229
3602,-1.88103834847613
56689,-1.59958248892208
3491,-2.15486633283229
41544,-2.09731798425985
3188,-2.15486633283229
3661,-2.15486633283229
3731,-1.83171082907409
1136,-2.24165752450127
43077,-1.93155597423255
39725,-2.10155492366831
18255,-1.23267462621803
39949,-1.80433551175173
40064,-1.76923802721501
1138,-1.7715957206304
39399,-0.717903870736925
39830,-1.57757209016609
1140,-1.36726009878978
39831,-2.18822961656369
54056,-2.17390982163618
12435,-2.15830530657424
11968,-1.84431159100703
30448,-1.34072294911576
33410,-1.28796503808442
25731,-0.589319968844339
2562,-0.525630256555178
2454,-0.525630256555178
26401,-0.573515128160035
53396,0.646000961805484
26306,-0.589319968844339
55148,1.17728384822334
26402,-0.451907268528059
26210,-0.65689618096549
33360,-0.0480477069231617
33451,-0.330326485026035
1837,0.214158231247062
2051,-0.506173533372963
26054,-0.536760463547078
56815,1.2295391491263
53333,-0.826673243947265
25973,-0.49249508966473
55110,0.614636972351409
16162,-0.322980220359571
2315,-0.261497660764255
876,-0.425700215782955
892,0.286290718762292
55635,1.47210875898817
33406,0.215877556700047
33660,-1.65864712467485
33444,-0.227131437435566
1525,0.281580135044808
994,-0.0703741906904718
39857,-1.15162672568237
12073,-0.424070723839538
1793,-0.429520375000052
2318,-0.644190577910397
39289,-1.85779954442855
2048,-1.24090730316012
23453,-0.392285107572719
33537,-1.36967475328532
33533,0.105747922354713
55630,0.0207913374564359
33408,-1.1448630761578
1776,0.125644382598457
2190,0.287249529255111
2518,-0.165387703005777
40060,0.373413629898046
23547,-0.35947915856995
39287,-0.909508827116595
39271,-1.32565734256884
23546,-0.216947783884366
23756,-0.658508889810577
23665,0.697001600212001
54063,-0.389785087809729
39947,-1.3821924669864
39384,-0.101767915433307
39407,-0.639227348758326
33538,-2.23100066946454
55664,0.12562528272192
23729,-0.71772960246624
6703,-0.147712451593515
40080,-1.06692871432056
20668,1.42852414980678
20718,0.628502390475362
1792,-0.41641094251902
20645,1.23344143058028
30350,0.880799617510334
30319,-0.0358712975645581
30404,1.02662658174916
20717,0.719752460725578
30318,-0.11091720523336
33577,-1.03037209830983
35111,0.22346912694033
35446,1.28734322047934
34435,1.05200764354874
56005,0.84024872634301
34782,0.463989020346186
34624,0.618318655058997
34247,1.19253843016218
34450,0.36249540955389
55991,-0.596304541567315
35110,-0.317009327955408
34248,0.616870731217065
12652,1.00457637235126
26399,0.971143346507449
25723,-0.374927621452875
26396,-1.49328601738275
26012,1.2295391491263
645,1.83513365050205
25921,0.439836182265611
26301,0.245900317693212
1345,0.904786438120729
23343,0.575010823846728
15977,0.0309158153932786
16313,0.250332511853514
15819,0.825355163013366
15124,1.14742668204033
15813,0.380865030012248
783,0.0915071645852857
15624,-1.41125370252016
1849,-1.24380321639894
55196,1.19718739429259
26304,1.54056073497557
25920,0.421810077348344
25919,-1.60006130829421
1739,0.586005963370653
2273,-0.036855328329039
1932,-0.623128394196772
26661,-0.279105931771081
26017,-1.20694406334721
53453,-0.0610766991321278
25727,0.118537092081681
25726,-0.610431964452834
55642,-1.4533643307054
17758,-0.43363036294693
1953,-0.582599975959426
15817,-1.01817507502362
57284,-0.260726533286998
15109,0.302399996539599
1820,0.349552793483785
1888,-0.88861560280755
15284,-1.11214803187974
15627,-0.533046707310597
1995,-0.699103162154554
16148,0.390955405866075
5477,0.358327783935978
40230,0.978802497570129
15812,-0.13496575537494
42336,-0.209634503460595
3375,-1.58478385048991
40225,0.786098195459538
40327,-1.20863679597874
40620,0.362969239017137
42727,0.226753628955992
40861,0.660094387973687
5401,-1.10725824529971
40126,0.0220741201751294
1180,-0.314164835012329
55568,-0.0642981687772778
54940,0.503695768039781
11677,0.0656544826352328
4210,-1.60158147978381
1182,0.772522820690778
11838,0.686830064508771
16905,0.619535470810291
1184,0.0319409951040327
53760,-0.483214302721068
24830,0.533527429786202
53658,0.323260927395595
13145,-1.08884113630189
25767,-0.123300869204269
13364,0.377572967928712
13260,-0.406797005109735
53587,-0.830364943071437
13292,-0.101580297835955
13360,-0.74563167667238
13227,-0.662198811786246
13327,0.526339547107627
53597,-1.11638113299681
13230,0.57044571481801
27899,-0.945984760584803
4246,-0.286605744452162
28227,-0.704144179571139
4099,0.157261000253049
11856,1.30560970523923
54174,-1.85779954442855
5594,-0.386213353521869
1186,0.476647826148139
4177,1.54056073497557
27885,-0.419902659875901
30456,-0.947600390985703
1187,-0.00661552683204562
33135,0.296722316552537
22326,-0.334761522046466
33286,-1.6142509303132
22295,0.714198571082136
22297,0.283188827087023
13291,-0.765706442297826
22640,0.64731031232265
16368,-0.608495449585987
44932,0.515587819892596
16595,0.557829558901453
26518,0.490965334264117
32603,-0.773907516434734
6440,0.330900283087092
6461,-0.597364397955402
6567,0.561063691137716
6438,0.257116931739869
22299,-0.491720476781553
43712,-0.90179069976787
43919,-0.673911922222571
34763,0.719179042817406
6436,-0.270506640415177
6460,-0.303125662472116
6594,0.604348793525338
6442,-1.98376830982993
6441,-1.03298100128863
14569,1.47210875898817
44263,-1.44341809946849
43657,-0.702058314847098
44164,1.14742668204033
43844,-1.59958248892208
11721,0.062884045352254
11901,-0.142036679259275
58011,-0.482205092290882
44059,-0.81224828585568
44265,0.582645987902951
11586,1.246978488637
43545,-0.133494351568178
43843,-1.50418793137302
44060,0.641029906611902
11723,1.30560970523923
11724,1.07029997372525
11631,-1.4745733013564
44269,0.843807920817134
44261,-0.498399795745288
43943,-0.703202402941295
44260,-0.231742850595803
44259,-0.576437153906243
43654,0.193001366540801
43845,-1.6707213376851
57334,-0.825545365558779
43652,0.0684087866512624
4035,-0.258039386806613
4069,-0.182080981697414
19517,-0.974520540857732
19419,-0.0459460794670571
19710,0.782322097945381
3976,-0.617212101397949
17757,-0.260333492516103
19545,-0.852004338725403
19363,0.506789108713393
19392,0.971473847591262
19417,0.143174637175981
4013,-0.115633948404048
19544,0.130576150986816
44057,-0.158592058410527
43655,-0.381449091536429
43653,-0.712838011246131
19364,0.764748519658087
19420,0.415121163291926
19577,1.05532555359675
19614,-0.142068506749317
19263,0.2861369395438
54189,-0.241068158646521
11707,0.187576430548914
11897,-1.65681843048353
4071,0.456286484566429
4031,-0.303226105190215
14465,0.0818304861652651
4015,0.651887305952536
14685,0.941112606444017
14610,-0.449078609716152
14606,0.134811787563848
14466,0.879409689096936
19328,-0.160883485839488
54218,-1.33759608328898
20411,0.221635951380716
16733,1.54056073497557
16872,0.729723316820201
16815,0.715180220080778
45006,0.000848444993424369
19367,-0.0141478963383096
12271,-0.808605762557218
22422,0.376885842174913
56088,-0.283155012649832
22241,-1.1786035261182
22270,0.384641614705435
22423,0.883140126172479
10563,1.54056073497557
10623,0.276977785981656
10426,0.234690073145612
22405,-0.173662014530756
22165,-0.38072578801743
16873,0.920585152183472
45449,0.266649851405829
16839,-0.68022448774799
16440,0.469576810887418
10564,0.293631608213097
53686,1.58817672555226
53719,0.676528149687532
44264,0.429160972108732
53660,-0.124089531359197
24515,0.959948964895681
54167,-0.48113279239685
24518,-0.871213662622183
53645,0.972488102387993
25589,0.129907701357343
53743,-0.606357499994948
25322,0.147327732105398
53751,-0.231102023209732
53638,-0.373039171849443
39967,0.141183681057121
53731,-0.415156553915226
53724,-0.658779805371389
54256,-0.255462697704858
4244,-0.279592104881393
22301,0.0174121874987237
4039,-0.436974196594775
4076,-0.500920864013364
4130,-0.958039171993861
4125,0.395683795358809
3973,-0.390098488688206
4101,1.30560970523923
4059,-0.910084233580608
25730,0.320451622168032
14570,1.53240113113502
14708,1.54056073497557
24517,-0.494115847368437
53837,1.83513365050205
43083,1.27712461310413
19547,0.242883482800645
25773,-1.08110385919124
53832,1.83513365050205
53830,0.883593324035121
53823,1.24640415076055
39388,1.83513365050205
24516,0.498929118037154
4041,-0.87830492514354
4136,-0.943682393125028
5519,1.44203789202371
22374,-0.703731640748921
53776,0.582496591948012
19643,-0.334710781803318
12304,0.769218227805487
11492,-0.453875566993649
26157,-0.288475664541283
26252,0.52239917136685
12306,-0.227379067834727
11706,-0.619175408222033
25186,1.58817672555226
24619,1.83513365050205
58194,0.415976531552999
53945,1.3175536453258
53940,0.817842830919645
25320,0.395328159150222
25090,0.631938537799292
25917,-1.34633691694278
39851,1.21131978129642
53925,0.349732150689675
10124,0.395328159150222
16330,1.26673898496466
31016,0.00222283553384437
24729,-1.18244107844683
24834,-0.243827373795958
25321,1.55652798893701
24618,0.783010035945174
24620,0.00881478645941204
39952,0.182545743409808
53886,0.925495178397915
12601,1.05200764354874
4043,-0.100141590099141
4179,-0.771265144612748
4077,0.529364322587924
28079,1.20609438018029
28033,0.59350677140803
27771,0.706068905999304
27900,0.776398302924685
3988,1.58817672555226
4138,0.898311325229185
4105,0.661039055637403
20351,-0.123159911435733
22191,-0.104022701386835
22403,0.874188689290988
30447,-0.421915819923041
30457,-0.14460419197066
22269,0.237525056849978
30458,0.218462063033039
22260,-0.668677550538749
665,-0.849200751386667
654,1.53240113113502
30446,0.0691317678411099
33053,-2.15396968402647
22300,-0.428590193622431
640,0.808331299110627
54445,-1.38410990431244
22424,0.237478038682593
33313,-0.234017049540623
22317,-0.154491301754387
33315,-1.80888156437544
33165,-1.48334176577927
33314,-0.719131792098768
22355,-0.773141570211813
33195,0.131599766093975
22242,0.422831784859521
56308,0.282348503314008
22283,0.233278281442302
33196,0.254805268666819
4074,0.803567293955031
33136,0.653762433405202
33193,-0.359187692541541
4078,-1.01805808018818
33194,-1.57716483251043
4072,0.778419944131337
33287,0.315693215159382
33222,-0.354034021375338
3991,-0.991767095563467
4036,-1.28071594744177
4030,-0.63135844659228
4098,-0.479970980994942
56252,1.44203789202371
4170,1.14742668204033
22327,-0.141260194408923
4070,-0.436019706102797
22164,0.384641614705435
22371,-0.548108716408619
4140,-0.757679497432295
22420,0.913290896790872
4139,-1.42374355962561
4251,-0.990386307646616
4135,0.0920982127160922
4134,-0.258039386806613
22404,-0.578984022957951
22448,-0.207920479962893
22294,0.302327726977092
22375,0.0676324952340285
22166,-1.36417446138614
56019,0.280855079608584
4167,-0.171978451572158
4075,-0.83926011837732
11841,1.2412246837647
58000,-1.01299923178964
56444,-0.956719716571061
22298,-0.258797850602981
57999,-0.842024350028752
33057,-0.344087029475398
14938,0.118837922164351
33054,0.47781428214354
45003,1.07795567028825
44929,0.119780557404758
45000,0.433961764151863
45073,0.883593324035121
45522,0.819327357640878
45123,0.0186494953796211
11842,0.28614353693183
11617,-0.194846764086762
11616,0.740488512791915
11613,-1.35817611354392
11662,-1.02519867817395
56991,-0.791053710687634
32789,-1.35226307913725
55203,-0.174092291801824
22815,-0.471511039050679
45476,0.459460694518875
22732,-0.191044542227903
7710,0.175451477485346
32606,-0.0288269056873945
44870,-0.161862944341178
32788,-1.18903231602836
32854,-0.695551591931714
32605,-1.11618671780647
45324,-0.174216307997438
32790,0.573091635025968
32856,0.725279938068765
32918,1.05397791170796
44817,0.0104183688846129
45119,0.346265231489397
45232,0.726105937044312
45121,-0.0831529098938555
22817,0.440446147175596
55341,-0.13401449035404
22816,0.0760201902103196
27138,-1.07169379208654
22641,-0.386206436562997
22639,-0.0753014865744977
22882,-1.16814880137152
55344,0.66112382800786
22848,0.546715532053792
55251,1.12705564959278
45125,-0.0598776374471922
45425,0.637162042507853
11678,0.407978165874307
45479,0.126759170756239
44869,-0.293970588825233
22778,-0.310231104952308
45193,-0.892187150074707
55256,-0.648943773634111
44818,-0.519323463540149
22610,-1.21971512519963
22637,0.914226810984672
22883,-0.0311186708480441
22679,0.570045747490945
44819,1.17817203386972
19394,-0.828315722118066
19615,1.06604940407989
14904,1.09686394657204
19481,-0.765213010625301
45477,0.531247439953846
45004,0.800192789512324
44968,0.95258869014097
44970,1.24640415076055
45230,0.430102625051482
45326,0.178148069970311
22677,0.39311533133531
45124,-0.207996802320096
22681,-0.269758198253367
14498,1.83513365050205
22680,-1.19192651247496
14646,1.83513365050205
22881,-0.0182879584633225
14568,1.83513365050205
22678,0.579064299226427
14647,1.14291517776377
22611,-0.85571182941565
45520,0.0329447194070412
45296,0.06597445565625
14878,0.437347047202745
53884,0.264695321416603
32995,1.83513365050205
14464,-0.932617111809933
14507,1.21623958480535
14608,0.680453675364421
32928,-0.268891021102924
14650,0.368468046458683
14503,0.839013730598949
14577,-0.152771133472193
14936,1.37284242589246
32793,-0.310057281887229
14848,1.47210875898817
14505,1.19220829165335
53393,1.37284242589246
53405,1.47210875898817
32996,0.226764535326802
14506,1.37284242589246
32927,1.30198018331082
14783,1.15437935988654
32792,0.158686934583909
14532,1.83513365050205
32923,0.454502375146057
14778,1.24488052212219
32857,-0.630301644324962
14683,1.03129115346234
14643,1.37284242589246
55330,-0.624849501770886
14847,1.37284242589246
55338,0.619210671297921
22421,0.744611138830915
45186,0.372144341154792
14713,1.37284242589246
14502,1.37284242589246
14439,1.37284242589246
14745,1.37284242589246
32855,-1.53738883265379
14648,0.476165082793677
32719,-0.322432342539551
14533,1.37284242589246
32607,-0.927148233776081
53388,1.37284242589246
32662,0.212624016399209
33059,-0.4720542018724
32660,1.15437935988654
14435,1.19253843016218
32787,0.932208867513463
14434,1.83513365050205
32782,-1.75200588417855
14779,1.44203789202371
14496,1.02662658174916
14743,1.54056073497557
14841,1.37284242589246
14777,1.83513365050205
16813,1.06957203484551
14712,1.53910617709147
55278,-0.512612508324889
45231,-0.847097659888518
39508,0.15607867677233
45350,0.648112366549245
43713,1.83513365050205
45029,-0.611946472292425
43743,1.33759941668894
39404,-1.06701450213008
55281,0.616870731217065
39403,0.0336053123720372
43839,-0.532958092266739
44054,0.618472374819956
54068,-0.235103412885585
43541,1.83513365050205
9741,0.210344806611993
43745,0.114036852055378
29041,0.00879601017458797
28990,0.893389782362216
57911,-0.153141953377532
43941,1.83513365050205
40079,-0.0250499851000342
45448,0.498747916382693
43744,-0.646566638134992
29228,0.952468900618027
43542,-0.623458946457697
29229,-0.19746538449028
16369,-0.273465325922674
16599,-1.36848591150346
45030,1.40059269551454
44931,0.937016477724195
55274,-0.713987615845158
55268,-1.45129545253536
43747,0.641621249325095
43746,-0.192302682231129
39283,0.850055077017243
16600,-0.137145586542718
43543,-0.71605906055624
12448,0.398306647381131
44155,-0.390539011448002
39853,-0.605493048521509
44056,-0.964271971301055
16444,0.0696387823284623
25971,-0.664458200427152
43608,0.183721813503666
16515,0.262713589236452
43645,0.876838966432328
54069,-0.44908385935525
45256,0.447810296779342
44158,-0.481080710043315
16481,0.629183047402383
39627,-0.932889928744466
43646,-0.601941391274032
16442,1.2412246837647
16366,-1.14635990548389
16482,-0.726078978247747
19242,0.7599523073314
53683,-0.123748649241642
45543,0.489726800371929
45028,-0.138006907736172
45255,0.515862024234407
45452,0.748419008057925
45352,0.0292210396688206
45031,0.0921762945601865
44842,1.0246969886623
10183,0.935006296009465
43748,0.778975772684029
10234,0.640186578233325
43838,0.171708448948002
10339,0.563696984519415
44163,-1.44341809946849
10210,1.21138041094013
43945,-1.25097129171542
44055,-0.387816233872579
43644,0.261883526020809
44156,-0.903232290704312
29188,-0.234431393752069
44157,0.35280057153831
28965,0.434625806610788
29218,1.26673898496466
29251,-0.653198830424049
43942,0.248085436609328
28964,0.0315036577073856
29103,-0.241183453989824
29060,0.0172901582242421
45524,0.579842073546691
45351,0.227541258591193
55264,0.182545743409808
33061,-1.67727844330662
29011,0.279316631835897
29207,0.197826259273538
32080,1.44203789202371
29081,-0.0226829102151893
29281,-0.186416621252573
10236,1.11318597338566
29162,0.510114776111436
29226,0.214158231247062
43947,1.07795567028825
10312,0.469514724995273
29040,-0.172936795943198
29206,-0.554420319146963
45151,1.00514006064952
45447,-0.0235223108073476
44902,0.485032498700751
45584,-0.883983788872618
45521,-0.263423209901273
13167,-0.791502484549123
45187,0.0325220952506703
13228,-0.479666960901146
45478,-0.668694004553195
45325,0.146004670267267
13358,-0.633077738289629
13323,0.0696433603669379
13147,-0.413855461054032
53593,0.364290743745699
44901,0.0596553763377425
45185,0.29119852109372
55500,0.252795331561696
44969,-0.163355513747455
45122,0.811715038411221
45426,0.854903932613793
44815,-0.0162457317816175
45188,0.89466801901982
45480,0.598587102703746
23104,-0.419380783402478
58215,-0.642146644108082
53626,0.0554853911524545
23018,-0.559142327088136
16596,-0.568732394983627
16552,-0.710267787853282
40069,-0.94074122710398
44971,-0.5025466534743
16441,0.380725448425507
14849,0.4345592988312
43087,0.171653615702082
43803,-0.27834821799185
43917,0.357893774666725
43920,0.0226734676638409
57916,-0.322531725734971
44347,-0.243978486698547
44061,0.323173539921844
44236,0.384439089591176
44017,0.300209569670951
44022,0.522160728905022
53032,-0.755898696260706
53023,-1.73586432153714
23133,-0.76792715286122
23042,-1.4743847889729
57179,-0.32891821206488
22978,-1.56421518548957
7414,0.131185205467775
53038,-0.274176869515849
55288,-0.605480924615252
44900,-0.0664387518232862
22946,-0.0547264822714887
45118,-0.504265286177865
23136,-0.229403833397634
44238,0.893389782362216
44023,-0.425718020198724
16734,0.152737794263483
29187,0.641268026714008
29013,-0.464443932135879
29186,-0.316159269643368
29058,0.266649851405829
1194,-0.335409980934342
53345,0.411989740104104
912,-1.32802911792382
57023,-0.445977691121116
1847,-0.833239567773319
15642,-0.178274733576122
25713,0.56719278797878
26203,-1.16969970358188
26298,0.953628049096205
15994,-0.70464995764232
15644,-1.03371033349743
15484,0.431039425445956
1777,0.278147675584359
23657,-0.379017368725338
23284,0.355069446188883
23201,0.305302023050979
53623,0.686740156885657
53634,-0.311202740911494
39496,-0.893228871641898
23850,0.449783600024859
23715,0.320163631601582
15099,-1.45022417484499
16145,0.539203327278607
26305,-1.52033713484124
2456,-0.789291500326093
2386,-0.14261557431814
2361,0.31391816466664
2128,-0.515046755760981
42915,-0.590024537168912
53430,-0.934930754780266
33658,0.193450782134689
55723,-0.449781293047796
33449,-1.25166096634082
55083,0.757963338357748
26107,-0.518667296402055
26010,0.00975931757868689
1193,-0.129898369820115
9646,1.44203789202371
55064,-0.276056078245206
39836,0.23135259248985
6704,0.89190248527316
888,-0.541373489587008
25974,0.355087629066295
26055,1.13090828488189
26053,0.238692211397457
26431,-1.03920618780747
26430,-0.0626584466494478
26351,0.226567783812032
12450,0.000385099043881942
26429,-0.0270429271945999
5795,1.44203789202371
5597,0.711391264236131
26159,-0.0424027015885694
55758,-0.557950443647155
33539,-0.638353438398586
26902,0.867636901043992
1192,-0.674775846214404
2407,-0.173780575190142
15971,0.766057520242235
764,-0.85938175448587
33359,-0.601937060010382
39961,-0.724646839688799
39406,-1.30415071416157
33536,-0.0776685197811716
33448,-1.63319041937452
2085,-0.663886085674003
39628,-1.98292221497786
53187,-0.0883602899604214
982,0.741665058197933
911,-0.0568540141908993
878,-0.954042950141467
673,0.985182482462835
877,0.235208873647636
983,0.949829308823188
1012,0.425727623041386
1118,-0.895463653708302
981,-0.13375015181181
669,-0.836393472884818
671,0.450658380055464
1106,1.30198018331082
33578,0.964108442359774
913,0.586782510650549
1526,0.33193580344645
1109,0.0185999314384589
16146,-0.310507037287025
15102,-1.01817507502362
907,-0.0152134914493451
672,-0.906129536398322
914,0.486267257203336
1120,1.19225836347323
1011,-0.0456385807592357
1409,0.0615960627560185
1119,1.00606836488446
10125,-0.0334024606252778
674,-0.699866691416962
1512,-0.575629782663551
910,-0.022728629493112
15101,-0.68808768000372
15133,-0.799964249023737
15479,1.14291517776377
15814,-0.753575415075506
15288,-0.427485538968435
15815,-0.740112752614706
15286,-0.644501779637237
15285,-0.426188139884409
15303,0.189013474312763
15100,0.47472658887603
15460,0.46991872625212
15287,-1.28151901762435
2536,-0.943223061769076
2204,0.0139902949854006
2521,-0.255123821353404
16147,-0.196980977881876
53419,-0.263578150231967
2203,-0.905543057290521
1779,-0.0305705479948431
1983,0.57057072753621
15307,-0.120922586370582
15108,0.728943641635429
15132,-0.548434245776002
16329,-0.703286568496741
15628,1.83513365050205
15978,1.06948994146305
15626,1.54056073497557
26109,1.27526237637913
15992,-1.30092898530901
25819,1.36531092261898
57240,-0.632331856939606
25712,0.0664817438094724
16328,-1.06124607344124
55014,1.53502442409402
43088,-1.57899538668957
3314,1.12705564959278
27233,1.10765057353474
27098,0.152207484745484
27097,0.779785273978248
27533,0.964766756262237
26860,0.182958101254337
26481,0.790009566239519
42993,-0.813891940413029
27358,0.542849580346385
57585,1.06604940407989
26667,-0.785927250343462
26664,0.0244681456408344
27361,0.060565560091362
27397,-0.712943492361119
33407,-0.848481104928418
26746,0.573955990767295
27101,1.30560970523923
27273,1.83513365050205
26522,1.54056073497557
26740,-1.22308663707012
27234,1.01382819443708
26896,0.269026217917004
26966,0.258314291624246
27100,1.83513365050205
26814,0.262968628370419
27137,-0.754487373212454
27360,0.170551506226452
26811,-1.11557765633182
26900,1.11318597338566
26720,0.469984200774558
27005,-0.443965932840668
57252,-0.393197198839811
27108,-0.553727337893531
26973,0.553769192013638
26719,0.890915749415423
26567,1.44203789202371
27241,0.935006296009465
27329,0.0157836777877573
27295,1.55652798893701
53373,1.83513365050205
27532,1.2529845362852
27292,1.14606324211986
27240,1.83513365050205
27420,-1.06439792108129
58093,1.83513365050205
57229,1.47210875898817
3677,1.83513365050205
26570,1.15373785971661
27064,1.36531092261898
26628,1.83513365050205
57248,0.709945683347678
27008,0.971473847591262
23452,1.40059269551454
27363,1.83513365050205
26888,1.83513365050205
27493,0.806170877317384
26514,-0.080105549849653
26669,1.54056073497557
26516,1.36531092261898
27357,1.05397791170796
42905,1.53502442409402
27489,0.644371351829455
26813,-0.10150395657779
26904,-0.481229914193505
26971,0.157124950935428
26903,0.66112382800786
57288,-0.530808912088744
26816,0.804513642497852
26899,1.16433670978803
57287,0.275433658908528
27359,-0.224973183488441
3879,-0.986788749031032
26862,-0.906076266329179
26666,-0.829440475459545
26809,0.103043256997116
26480,-0.181128981805087
26662,-0.360019704037759
27007,0.416346958476461
26970,-0.580960528143359
26817,0.425028775159943
26515,0.85416700837303
26968,0.0952472407967012
27039,0.931992853676357
27566,1.83513365050205
26660,1.83513365050205
57303,0.448286023106346
26969,1.26046411338558
1350,0.0381421896095352
26564,1.21677815845261
11219,1.28585328258722
57264,1.30560970523923
27237,1.83513365050205
57261,1.83513365050205
27492,1.10239088140193
26670,0.433079789678012
26889,1.83513365050205
57260,1.83513365050205
27236,1.65727946329076
26820,-0.438030148938371
2200,-0.359488200315189
27238,-1.14163106872405
27564,-1.10892852792837
26771,-1.48329827187028
26808,0.856524617051869
26568,-0.257015337096698
27028,1.07355014239707
3542,1.14742668204033
27065,1.47210875898817
26818,0.377173252401422
27396,0.644701962444294
26566,1.14291517776377
26665,-0.336915913426761
26675,1.00795076433378
27276,-0.17192877674808
27235,-1.24205374411126
26812,-1.16795044594598
27364,1.83513365050205
27398,1.54056073497557
26967,0.844737197958085
1838,1.83513365050205
27105,0.906638142968944
57249,0.204880460307217
26859,0.497025695589724
13261,-0.0665379985650533
27434,1.83513365050205
27239,1.30560970523923
27272,-0.691395875680582
19451,0.117513690287074
26520,-0.0861343889703838
27460,0.368337884675129
24416,1.07242317569568
26668,1.5213223668003
26513,1.55652798893701
27136,1.36531092261898
53413,1.83513365050205
27099,0.281373503080829
57251,-1.45103250038605
27362,1.22980188417356
34025,1.53502442409402
26933,0.616847515990859
26863,0.827142215193788
27488,-0.692166553885765
26867,0.445951376770841
26630,1.24488052212219
27461,0.338876604903591
26565,1.83513365050205
26865,0.393537640142153
27294,0.948408999023305
26517,1.24640415076055
57273,1.29593888890182
39006,-1.03603016903617
27102,0.546152202270229
26810,0.162807215495597
27104,0.955381310414869
27490,1.83513365050205
26671,0.728893890072069
26965,0.437670085183314
27293,0.937016477724195
27421,-0.0585412609938779
27106,1.19253843016218
27161,1.2529845362852
26602,0.601684699289604
26717,-0.174216307997438
27030,-0.0538737385535852
26721,0.444051208501167
26866,0.651513633882373
27399,0.754023905594729
27004,1.07058418175298
27135,0.387901178438531
26932,0.0061191621556693
26770,0.584154333953972
27107,1.14291517776377
26593,0.383577366553029
27531,1.2412246837647
26857,-0.667307768769924
27162,-1.26727066255482
26672,1.07795567028825
26819,0.86524790273633
27356,0.660522029330958
26861,-0.0240513281201896
26674,1.44203789202371
26519,1.26673898496466
26663,0.460636296453961
26629,0.5036603131683
27006,-0.760419628101589
26972,0.206079256185721
27037,0.707547612524834
26569,-0.735285163300383
26739,1.36048546698215
20286,1.83513365050205
